mainSkillId,mainSkill,subSkillOrder,subSkillId,subSkill,targetFoundationVideoMinutes,sourceQuestionOccurrences,status
BIO26-M01,الاستقصاء العلمي وخصائص الحياة,1,BIO26-S01-01,دور علم الأحياء والعلم الطبيعي ومجالاته,10,7,FROZEN_V1
BIO26-M01,الاستقصاء العلمي وخصائص الحياة,2,BIO26-S01-02,خصائص الحياة والاتزان الداخلي والتكيف,10,18,FROZEN_V1
BIO26-M01,الاستقصاء العلمي وخصائص الحياة,3,BIO26-S01-03,الطريقة العلمية والفرضيات والتجارب والمتغيرات,10,29,FROZEN_V1
BIO26-M01,الاستقصاء العلمي وخصائص الحياة,4,BIO26-S01-04,الملاحظة والبيانات والقياس ومراجعة الأقران,10,5,FROZEN_V1
BIO26-M02,التصنيف وتنظيم تنوع الحياة,1,BIO26-S02-01,التسمية الثنائية وقواعد الاسم العلمي,10,7,FROZEN_V1
BIO26-M02,التصنيف وتنظيم تنوع الحياة,2,BIO26-S02-02,مستويات التصنيف والمصنفات والعلاقات,10,22,FROZEN_V1
BIO26-M02,التصنيف وتنظيم تنوع الحياة,3,BIO26-S02-03,فوق الممالك والممالك الست وخصائصها,10,18,FROZEN_V1
BIO26-M03,البدائيات والبكتيريا,1,BIO26-S03-01,البدائيات والبكتيريا: التركيب والأنواع والحركة,10,22,FROZEN_V1
BIO26-M03,البدائيات والبكتيريا,2,BIO26-S03-02,صبغة جرام والجدار الخلوي والتراكيب الواقية,10,3,FROZEN_V1
BIO26-M03,البدائيات والبكتيريا,3,BIO26-S03-03,تكاثر البكتيريا والبقاء والطفرات والأبواغ,10,11,FROZEN_V1
BIO26-M03,البدائيات والبكتيريا,4,BIO26-S03-04,تغذية وأيض وأهمية البكتيريا,10,14,FROZEN_V1
BIO26-M04,الفيروسات والبريونات والأمراض الميكروبية,1,BIO26-S04-01,الأمراض البكتيرية والمضادات والمقاومة,10,9,FROZEN_V1
BIO26-M04,الفيروسات والبريونات والأمراض الميكروبية,2,BIO26-S04-02,تركيب الفيروسات وتضاعفها وتصنيفها,10,30,FROZEN_V1
BIO26-M04,الفيروسات والبريونات والأمراض الميكروبية,3,BIO26-S04-03,الأمراض الفيروسية والفيروسات الارتجاعية والبريونات,10,22,FROZEN_V1
BIO26-M05,الطلائعيات,1,BIO26-S05-01,الطلائعيات الشبيهة بالحيوانات والحركة والأعضاء,10,47,FROZEN_V1
BIO26-M05,الطلائعيات,2,BIO26-S05-02,الطحالب والطلائعيات الشبيهة بالنباتات,10,35,FROZEN_V1
BIO26-M05,الطلائعيات,3,BIO26-S05-03,الطلائعيات الشبيهة بالفطريات والأمراض الطلائعية,10,12,FROZEN_V1
BIO26-M06,الفطريات,1,BIO26-S06-01,تركيب الفطريات وتغذيتها وتكاثرها,10,29,FROZEN_V1
BIO26-M06,الفطريات,2,BIO26-S06-02,تصنيف الفطريات وأمثلتها,10,17,FROZEN_V1
BIO26-M06,الفطريات,3,BIO26-S06-03,الأشنات والفطريات الجذرية وفوائد وأضرار الفطريات,10,13,FROZEN_V1
BIO26-M07,أسس المملكة الحيوانية والإسفنجيات واللاسعات,1,BIO26-S07-01,خصائص الحيوانات والتناظر والتجاويف والنمو الجنيني,10,34,FROZEN_V1
BIO26-M07,أسس المملكة الحيوانية والإسفنجيات واللاسعات,2,BIO26-S07-02,الإسفنجيات: التركيب والتغذية والتكاثر,10,9,FROZEN_V1
BIO26-M07,أسس المملكة الحيوانية والإسفنجيات واللاسعات,3,BIO26-S07-03,اللاسعات: التركيب والأطوار والتكاثر والأهمية,10,31,FROZEN_V1
BIO26-M08,الديدان والرخويات,1,BIO26-S08-01,الديدان المفلطحة والأسطوانية والدوارات,10,33,FROZEN_V1
BIO26-M08,الديدان والرخويات,2,BIO26-S08-02,الرخويات: التركيب والتنوع والوظائف,10,34,FROZEN_V1
BIO26-M08,الديدان والرخويات,3,BIO26-S08-03,الديدان الحلقية: التركيب والتنوع والوظائف,10,23,FROZEN_V1
BIO26-M09,المفصليات وشوكيات الجلد واللافقاريات الحبلية,1,BIO26-S09-01,المفصليات: الخصائص والطوائف والتكيفات,10,68,FROZEN_V1
BIO26-M09,المفصليات وشوكيات الجلد واللافقاريات الحبلية,2,BIO26-S09-02,الحشرات والتحول والتنوع في المفصليات,10,11,FROZEN_V1
BIO26-M09,المفصليات وشوكيات الجلد واللافقاريات الحبلية,3,BIO26-S09-03,شوكيات الجلد واللافقاريات الحبلية,10,57,FROZEN_V1
BIO26-M10,الفقاريات والمقارنات بينها,1,BIO26-S10-01,الأسماك: الخصائص والتصنيف والتكيفات,10,61,FROZEN_V1
BIO26-M10,الفقاريات والمقارنات بينها,2,BIO26-S10-02,البرمائيات والزواحف والبيضة الأمنيونية,10,76,FROZEN_V1
BIO26-M10,الفقاريات والمقارنات بينها,3,BIO26-S10-03,الطيور والثدييات: الخصائص والتنوع,10,109,FROZEN_V1
BIO26-M10,الفقاريات والمقارنات بينها,4,BIO26-S10-04,المقارنة بين الفقاريات والأجهزة والتكيفات,10,71,FROZEN_V1
BIO26-M11,تنوع النباتات,1,BIO26-S11-01,النباتات اللاوعائية والوعائية اللابذرية وتعاقب الأجيال,10,20,FROZEN_V1
BIO26-M11,تنوع النباتات,2,BIO26-S11-02,النباتات البذرية ومعراة ومغطاة البذور وتكيفاتها,10,20,FROZEN_V1
BIO26-M12,خلايا وأنسجة النبات والنقل,1,BIO26-S12-01,الخلايا النباتية الأساسية والمرستيمية,10,14,FROZEN_V1
BIO26-M12,خلايا وأنسجة النبات والنقل,2,BIO26-S12-02,الأنسجة النباتية والبشرة والأنسجة الأساسية,10,9,FROZEN_V1
BIO26-M12,خلايا وأنسجة النبات والنقل,3,BIO26-S12-03,الأنسجة الوعائية ونقل الماء والمواد في النبات,10,9,FROZEN_V1
BIO26-M13,تنظيم النبات وتكاثره,1,BIO26-S13-01,الهرمونات النباتية ووظائفها,10,13,FROZEN_V1
BIO26-M13,تنظيم النبات وتكاثره,2,BIO26-S13-02,الانتحاءات والاستجابات والفترة الضوئية,10,22,FROZEN_V1
BIO26-M13,تنظيم النبات وتكاثره,3,BIO26-S13-03,الأزهار والتلقيح والإخصاب والبذور والثمار,10,51,FROZEN_V1
BIO26-M14,الجهازان الهيكلي والعضلي,1,BIO26-S14-01,الجهاز الهيكلي: العظام والمفاصل والوظائف والأمراض,10,58,FROZEN_V1
BIO26-M14,الجهازان الهيكلي والعضلي,2,BIO26-S14-02,الجهاز العضلي: الأنواع والانقباض والطاقة والقوة,10,38,FROZEN_V1
BIO26-M15,الجهاز العصبي وتنظيمه,1,BIO26-S15-01,الخلية العصبية والتشابك العصبي,10,7,FROZEN_V1
BIO26-M15,الجهاز العصبي وتنظيمه,2,BIO26-S15-02,السيال العصبي وجهد الفعل ورد الفعل المنعكس,10,16,FROZEN_V1
BIO26-M15,الجهاز العصبي وتنظيمه,3,BIO26-S15-03,الجهاز العصبي المركزي وتنظيمه,10,21,FROZEN_V1
BIO26-M15,الجهاز العصبي وتنظيمه,4,BIO26-S15-04,الجهاز العصبي الطرفي والعقاقير وتأثيراتها,10,38,FROZEN_V1
BIO26-M16,الدوران والتنفس والإخراج,1,BIO26-S16-01,القلب والأوعية والدورة الدموية,10,17,FROZEN_V1
BIO26-M16,الدوران والتنفس والإخراج,2,BIO26-S16-02,مكونات الدم وفصائل الدم وعامل Rh,10,68,FROZEN_V1
BIO26-M16,الدوران والتنفس والإخراج,3,BIO26-S16-03,الجهاز التنفسي وتبادل الغازات وأمراضه,10,17,FROZEN_V1
BIO26-M16,الدوران والتنفس والإخراج,4,BIO26-S16-04,الكلية والنيفرون والإخراج والاتزان المائي,10,26,FROZEN_V1
BIO26-M17,الهضم والتغذية والغدد الصماء,1,BIO26-S17-01,القناة الهضمية والهضم والامتصاص,10,58,FROZEN_V1
BIO26-M17,الهضم والتغذية والغدد الصماء,2,BIO26-S17-02,المغذيات الكبرى والسعرات والطاقة,10,49,FROZEN_V1
BIO26-M17,الهضم والتغذية والغدد الصماء,3,BIO26-S17-03,الفيتامينات والمعادن والاحتياجات الغذائية,10,24,FROZEN_V1
BIO26-M17,الهضم والتغذية والغدد الصماء,4,BIO26-S17-04,الغدد الصماء والهرمونات والتغذية الراجعة,10,77,FROZEN_V1
BIO26-M18,التكاثر في الإنسان والنمو الجنيني,1,BIO26-S18-01,الجهاز التناسلي الذكري وتكوين الحيوانات المنوية,10,11,FROZEN_V1
BIO26-M18,التكاثر في الإنسان والنمو الجنيني,2,BIO26-S18-02,الجهاز التناسلي الأنثوي والهرمونات ودورة الحيض,10,32,FROZEN_V1
BIO26-M18,التكاثر في الإنسان والنمو الجنيني,3,BIO26-S18-03,الإخصاب وبدايات النمو والأغشية الجنينية والمشيمة,10,11,FROZEN_V1
BIO26-M18,التكاثر في الإنسان والنمو الجنيني,4,BIO26-S18-04,نمو الجنين ومراحله والاختلالات ووسائل التشخيص,10,12,FROZEN_V1
BIO26-M19,جهاز المناعة,1,BIO26-S19-01,المناعة غير المتخصصة والحواجز والالتهاب,10,24,FROZEN_V1
BIO26-M19,جهاز المناعة,2,BIO26-S19-02,المناعة المتخصصة والخلايا اللمفية والأجسام المضادة,10,7,FROZEN_V1
BIO26-M19,جهاز المناعة,3,BIO26-S19-03,المناعة النشطة والسلبية واللقاحات والذاكرة المناعية,10,10,FROZEN_V1
BIO26-M20,التراكيب الخلوية والغشاء والنقل,1,BIO26-S20-01,بدائية وحقيقية النوى ومقارنة الخلية النباتية والحيوانية,10,30,FROZEN_V1
BIO26-M20,التراكيب الخلوية والغشاء والنقل,2,BIO26-S20-02,العضيات الغشائية ووظائفها وتصنيع ونقل المواد,10,50,FROZEN_V1
BIO26-M20,التراكيب الخلوية والغشاء والنقل,3,BIO26-S20-03,النواة والرايبوسومات والهيكل الخلوي والأهداب والأسواط,10,21,FROZEN_V1
BIO26-M20,التراكيب الخلوية والغشاء والنقل,4,BIO26-S20-04,الغشاء البلازمي والنقل والانتشار والأسموزية والنقل النشط,10,6,FROZEN_V1
BIO26-M21,كيمياء الخلية والجزيئات الحيوية,1,BIO26-S21-01,الكربوهيدرات والدهون وبنيتها ووظائفها,10,13,FROZEN_V1
BIO26-M21,كيمياء الخلية والجزيئات الحيوية,2,BIO26-S21-02,البروتينات والأحماض الأمينية والإنزيمات,10,19,FROZEN_V1
BIO26-M21,كيمياء الخلية والجزيئات الحيوية,3,BIO26-S21-03,الأحماض النووية والنيوكليوتيدات والجزيئات الحيوية,10,7,FROZEN_V1
BIO26-M22,الطاقة الخلوية والبناء الضوئي والتنفس,1,BIO26-S22-01,قوانين الطاقة والمسارات الأيضية وATP,10,34,FROZEN_V1
BIO26-M22,الطاقة الخلوية والبناء الضوئي والتنفس,2,BIO26-S22-02,البناء الضوئي والتفاعلات الضوئية ودورة كالفن والمسارات البديلة,10,15,FROZEN_V1
BIO26-M22,الطاقة الخلوية والبناء الضوئي والتنفس,3,BIO26-S22-04,التنفس الخلوي الهوائي واللاهوائي والتخمر,10,43,FROZEN_V1
BIO26-M23,دورة الخلية والانقسام المتساوي والمنصف,1,BIO26-S23-01,حجم الخلية ونسبة السطح للحجم ودورة الخلية,10,18,FROZEN_V1
BIO26-M23,دورة الخلية والانقسام المتساوي والمنصف,2,BIO26-S23-02,الانقسام المتساوي ومراحله وانقسام السيتوبلازم,10,57,FROZEN_V1
BIO26-M23,دورة الخلية والانقسام المتساوي والمنصف,3,BIO26-S23-03,تنظيم دورة الخلية والسرطان والموت المبرمج والخلايا الجذعية,10,12,FROZEN_V1
BIO26-M23,دورة الخلية والانقسام المتساوي والمنصف,4,BIO26-S23-04,الانقسام المنصف ومراحله ومقارنته بالمتساوي والتنوع الوراثي,10,38,FROZEN_V1
BIO26-M24,الوراثة المندلية,1,BIO26-S24-01,مفاهيم مندل: السيادة والطراز الجيني والظاهري,10,16,FROZEN_V1
BIO26-M24,الوراثة المندلية,2,BIO26-S24-02,مربعات بانيت والتهجين الأحادي والاحتمالات,10,13,FROZEN_V1
BIO26-M24,الوراثة المندلية,3,BIO26-S24-03,التهجين الثنائي وقانون التوزيع الحر,10,5,FROZEN_V1
BIO26-M24,الوراثة المندلية,4,BIO26-S24-04,مصادر التنوع الوراثي وتعدد المجموعة الكروموسومية,10,19,FROZEN_V1
BIO26-M25,الوراثة المعقدة والبشرية,1,BIO26-S25-01,السيادة غير التامة والمشتركة والجينات المتعددة المتقابلة,10,21,FROZEN_V1
BIO26-M25,الوراثة المعقدة والبشرية,2,BIO26-S25-02,الصفات متعددة الجينات والتفوق الجيني والتآثرات الجينية,10,27,FROZEN_V1
BIO26-M25,الوراثة المعقدة والبشرية,3,BIO26-S25-03,تحديد الجنس والصفات المرتبطة والمتأثرة بالجنس,10,9,FROZEN_V1
BIO26-M25,الوراثة المعقدة والبشرية,4,BIO26-S25-04,الوراثة البشرية: الاضطرابات ومخطط السلالة والكاريُوتايب وعدم الانفصال,10,68,FROZEN_V1
BIO26-M26,المادة الوراثية والتعبير الجيني,1,BIO26-S26-01,تجارب اكتشاف المادة الوراثية وبنية DNA والكروموسوم,10,32,FROZEN_V1
BIO26-M26,المادة الوراثية والتعبير الجيني,2,BIO26-S26-02,تضاعف DNA وقواعد تشارجاف والطفرات,10,14,FROZEN_V1
BIO26-M26,المادة الوراثية والتعبير الجيني,3,BIO26-S26-03,RNA والنسخ والترجمة والشفرة الوراثية وتصنيع البروتين,10,29,FROZEN_V1
BIO26-M26,المادة الوراثية والتعبير الجيني,4,BIO26-S26-04,تنظيم الجينات والهندسة الوراثية والتقنيات الحيوية,10,28,FROZEN_V1
BIO26-M27,العلاقات البيئية وانتقال الطاقة ودورات المواد,1,BIO26-S27-01,العوامل الحيوية واللاحيوية ومستويات التنظيم والعلاقات البيئية,10,61,FROZEN_V1
BIO26-M27,العلاقات البيئية وانتقال الطاقة ودورات المواد,2,BIO26-S27-02,السلاسل والشبكات الغذائية والأدوار التغذوية,10,22,FROZEN_V1
BIO26-M27,العلاقات البيئية وانتقال الطاقة ودورات المواد,3,BIO26-S27-03,انتقال الطاقة والأهرام البيئية والإنتاجية,10,40,FROZEN_V1
BIO26-M27,العلاقات البيئية وانتقال الطاقة ودورات المواد,4,BIO26-S27-04,دورات الماء والكربون والأكسجين والنيتروجين والفوسفور,10,29,FROZEN_V1
BIO26-M28,المجتمعات والجماعات والتنوع الحيوي,1,BIO26-S28-01,التعاقب والعوامل المحددة والمناطق الحيوية والأنظمة المائية,10,62,FROZEN_V1
BIO26-M28,المجتمعات والجماعات والتنوع الحيوي,2,BIO26-S28-02,كثافة وتوزيع ونمو الجماعات والقدرة الاستيعابية والديموغرافيا,10,53,FROZEN_V1
BIO26-M28,المجتمعات والجماعات والتنوع الحيوي,3,BIO26-S28-03,التنوع الحيوي والتهديدات والمحافظة على الموارد واستعادة الأنظمة,10,78,FROZEN_V1
BIO26-M29,سلوك الحيوان,1,BIO26-S29-01,السلوك الفطري والمثيرات والإيقاعات الحيوية,10,34,FROZEN_V1
BIO26-M29,سلوك الحيوان,2,BIO26-S29-02,السلوك المتعلم: التعود والتكييف والمحاولة والخطأ والطبع,10,32,FROZEN_V1
BIO26-M29,سلوك الحيوان,3,BIO26-S29-03,السلوك الاجتماعي والتواصل والتزاوج والهجرة والإقليمية,10,14,FROZEN_V1
