lessonIndex,lessonCode,unit,lesson,foundationReference,questionPdfPageStart,questionPdfPageEnd,section1Range,section1Count,section2Range,section2Count,sourceQuestionOccurrences,inventoryStatus,notes
1,BIO26-L01,أحياء 1,دراسة الحياة,p5,5,9,Q1–Q31,31,Q32–Q59,28,59,PASS,
2,BIO26-L02,أحياء 1,تنظيم تنوع الحياة,p6,10,13,Q1–Q26,26,Q27–Q47,21,47,PASS,
3,BIO26-L03,أحياء 1,البكتيريا والفيروسات,p7,14,21,Q1–Q52,52,Q53–Q111,59,111,PASS,
4,BIO26-L04,أحياء 1,الطلائعيات,p10,22,27,Q1–Q67,67,Q68–Q94,27,94,PASS,
5,BIO26-L05,أحياء 1,الفطريات,p11,28,31,Q1–Q27,27,Q28–Q59,32,59,PASS,
6,BIO26-L06,أحياء 1,مدخل إلى الحيوانات,p13,32,37,Q1–Q38,38,Q39–Q74,36,74,PASS,
7,BIO26-L07,أحياء 1,الديدان والرخويات,p15,38,43,Q1–Q40,40,Q41–Q90,50,90,PASS,Raster-heavy source pages 38–43; question/page ranges visually verified without OCR.
8,BIO26-L08,أحياء 1,المفصليات,p17,44,50,Q1–Q36,36,Q37–Q79,43,79,PASS,
9,BIO26-L09,أحياء 2,شوكيات الجلد واللافقاريات الحبلية,p20,51,54,Q1–Q25,25,Q26–Q57,32,57,PASS,
10,BIO26-L10,أحياء 2,الأسماك,p21,55,59,Q1–Q39,39,Q40–Q61,22,61,PASS,
11,BIO26-L11,أحياء 2,البرمائيات,p23,60,62,Q1–Q22,22,Q23–Q39,17,39,PASS,
12,BIO26-L12,أحياء 2,الزواحف,p24,63,65,Q1–Q20,20,Q21–Q37,17,37,PASS,
13,BIO26-L13,أحياء 2,الطيور,p25,66,67,Q1–Q15,15,Q16–Q32,17,32,PASS,
14,BIO26-L14,أحياء 2,الثدييات,p26,68,72,Q1–Q41,41,Q42–Q77,36,77,PASS,
15,BIO26-L15,أحياء 2,أسئلة المقارنات بين الفقاريات,p12 summary diagrams + p21–26 vertebrate lessons,73,76,Q1–Q71,71,,0,71,PASS,Special source block: vertebrate comparisons; no explicit section 2 before lesson 16.
16,BIO26-L16,أحياء 2,النباتات اللاوعائية والوعائية,p28,77,79,Q1–Q21,21,Q22–Q40,19,40,PASS,
17,BIO26-L17,أحياء 2,خلايا وأنسجة النباتات,p30,80,82,Q1–Q16,16,Q17–Q32,16,32,PASS,
18,BIO26-L18,أحياء 2,الهرمونات واستجابة النبات,p31,83,86,Q1–Q26,26,Q27–Q35,9,35,PASS,
19,BIO26-L19,أحياء 2,النباتات الزهرية وتكاثرها,p32,87,91,Q1–Q39,39,Q40–Q51,12,51,PASS,
20,BIO26-L20,أحياء 3,الجهاز الهيكلي,p35,92,95,Q1–Q44,44,Q45–Q58,14,58,PASS,
21,BIO26-L21,أحياء 3,الجهاز العضلي,p36,96,99,Q1–Q15,15,Q16–Q38,23,38,PASS,
22,BIO26-L22,أحياء 3,الجهاز العصبي,p37,100,103,Q1–Q21,21,Q22–Q44,23,44,PASS,
23,BIO26-L23,أحياء 3,تنظيم الجهاز العصبي,p38,104,106,Q1–Q26,26,Q27–Q38,12,38,PASS,
24,BIO26-L24,أحياء 3,الجهاز الدوراني,p39,107,112,Q1–Q55,55,Q56–Q85,30,85,PASS,
25,BIO26-L25,أحياء 3,الجهازان التنفسي والإخراجي,p41,113,115,Q1–Q24,24,Q25–Q43,19,43,PASS,
26,BIO26-L26,أحياء 3,الجهاز الهضمي,p42,116,119,Q1–Q29,29,Q30–Q58,29,58,PASS,
27,BIO26-L27,أحياء 3,التغذية,p43,120,124,Q1–Q40,40,Q41–Q73,33,73,PASS,
28,BIO26-L28,أحياء 3,جهاز الغدد الصم,p44,125,130,Q1–Q35,35,Q36–Q77,42,77,PASS,
29,BIO26-L29,أحياء 3,جهاز التكاثر في الإنسان,p45,131,134,Q1–Q22,22,Q23–Q43,21,43,PASS,
30,BIO26-L30,أحياء 3,مراحل نمو الجنين,p46,135,136,Q1–Q11,11,Q12–Q23,12,23,PASS,
31,BIO26-L31,أحياء 3,الجهاز المناعي,p47,137,140,Q1–Q23,23,Q24–Q41,18,41,PASS,
32,BIO26-L32,أحياء 4,التراكيب الخلوية,p50,141,148,Q1–Q79,79,Q80–Q107,28,107,PASS,
33,BIO26-L33,أحياء 4,كيمياء الخلية,p52,149,151,Q1–Q20,20,Q21–Q39,19,39,PASS,
34,BIO26-L34,أحياء 4,الطاقة الخلوية,p53,152,154,Q1–Q25,25,Q26–Q34,9,34,PASS,
35,BIO26-L35,أحياء 4,البناء الضوئي والتنفس الخلوي,p54,155,159,Q1–Q37,37,Q38–Q58,21,58,PASS,
36,BIO26-L36,أحياء 4,التكاثر الخلوي,p56,160,166,Q1–Q47,47,Q48–Q87,40,87,PASS,PDF page 164 is raster; Q48–Q63 and answer strip visually adjudicated without OCR.
37,BIO26-L37,أحياء 4,الانقسام المنصف,p58,167,169,Q1–Q22,22,Q23–Q38,16,38,PASS,
38,BIO26-L38,أحياء 4,الوراثة المندلية,p60–62 (Mendelian genetics + summary),170,174,Q1–Q35,35,Q36–Q53,18,53,PASS,
39,BIO26-L39,أحياء 4,الوراثة المعقدة والبشرية,p63,175,183,Q1–Q80,80,Q81–Q125,45,125,PASS,
40,BIO26-L40,أحياء 4,المادة الوراثية,p66,184,191,Q1–Q55,55,Q56–Q103,48,103,PASS,
41,BIO26-L41,علم البيئة,المخلوقات الحية وعلاقاتها المتبادلة,p70,192,195,Q1–Q46,46,Q47–Q61,15,61,PASS,
42,BIO26-L42,علم البيئة,انتقال الطاقة في النظام البيئي,p71,196,201,Q1–Q48,48,Q49–Q62,14,62,PASS,
43,BIO26-L43,علم البيئة,تدوير المواد,p72,202,204,Q1–Q17,17,Q18–Q29,12,29,PASS,
44,BIO26-L44,علم البيئة,المجتمعات والمناطق الحيوية,p73,205,207,Q1–Q26,26,Q27–Q42,16,42,PASS,
45,BIO26-L45,علم البيئة,الأنظمة البيئية المائية,p74,208,209,Q1–Q10,10,Q11–Q20,10,20,PASS,
46,BIO26-L46,علم البيئة,علم بيئة الجماعات الحيوية,p75,210,214,Q1–Q32,32,Q33–Q53,21,53,PASS,
47,BIO26-L47,علم البيئة,التنوع الحيوي والمحافظة عليه,p76,215,220,Q1–Q49,49,Q50–Q78,29,78,PASS,
48,BIO26-L48,علم البيئة,سلوك الحيوان,p78,221,226,Q1–Q48,48,Q49–Q80,32,80,PASS,
