foundationTopic,foundationSubTopic,primaryMainSkillId,primarySubSkillId,foundationLesson,foundationPages,futureMultiSkillAllowed,linkedSubSkillIds,targetVideoMinutes,questionOccurrenceCoverage,status
الاستقصاء العلمي وخصائص الحياة,دور علم الأحياء والعلم الطبيعي ومجالاته,BIO26-M01,BIO26-S01-01,دراسة الحياة,p5,true,BIO26-S01-01,10,7,FROZEN_V1
الاستقصاء العلمي وخصائص الحياة,خصائص الحياة والاتزان الداخلي والتكيف,BIO26-M01,BIO26-S01-02,دراسة الحياة,p5,true,BIO26-S01-02,10,18,FROZEN_V1
الاستقصاء العلمي وخصائص الحياة,الطريقة العلمية والفرضيات والتجارب والمتغيرات,BIO26-M01,BIO26-S01-03,دراسة الحياة,p5,true,BIO26-S01-03,10,29,FROZEN_V1
الاستقصاء العلمي وخصائص الحياة,الملاحظة والبيانات والقياس ومراجعة الأقران,BIO26-M01,BIO26-S01-04,دراسة الحياة,p5,true,BIO26-S01-04,10,5,FROZEN_V1
التصنيف وتنظيم تنوع الحياة,التسمية الثنائية وقواعد الاسم العلمي,BIO26-M02,BIO26-S02-01,تنظيم تنوع الحياة,p6,true,BIO26-S02-01,10,7,FROZEN_V1
التصنيف وتنظيم تنوع الحياة,مستويات التصنيف والمصنفات والعلاقات,BIO26-M02,BIO26-S02-02,تنظيم تنوع الحياة,p6,true,BIO26-S02-02,10,22,FROZEN_V1
التصنيف وتنظيم تنوع الحياة,فوق الممالك والممالك الست وخصائصها,BIO26-M02,BIO26-S02-03,تنظيم تنوع الحياة,p6,true,BIO26-S02-03,10,18,FROZEN_V1
البدائيات والبكتيريا,البدائيات والبكتيريا: التركيب والأنواع والحركة,BIO26-M03,BIO26-S03-01,البكتيريا والفيروسات,p7–8,true,BIO26-S03-01,10,22,FROZEN_V1
البدائيات والبكتيريا,صبغة جرام والجدار الخلوي والتراكيب الواقية,BIO26-M03,BIO26-S03-02,البكتيريا والفيروسات,p7–8,true,BIO26-S03-02,10,3,FROZEN_V1
البدائيات والبكتيريا,تكاثر البكتيريا والبقاء والطفرات والأبواغ,BIO26-M03,BIO26-S03-03,البكتيريا والفيروسات,p7–8,true,BIO26-S03-03,10,11,FROZEN_V1
البدائيات والبكتيريا,تغذية وأيض وأهمية البكتيريا,BIO26-M03,BIO26-S03-04,البكتيريا والفيروسات,p7–8,true,BIO26-S03-04,10,14,FROZEN_V1
الفيروسات والبريونات والأمراض الميكروبية,الأمراض البكتيرية والمضادات والمقاومة,BIO26-M04,BIO26-S04-01,البكتيريا والفيروسات,p8–9,true,BIO26-S04-01,10,9,FROZEN_V1
الفيروسات والبريونات والأمراض الميكروبية,تركيب الفيروسات وتضاعفها وتصنيفها,BIO26-M04,BIO26-S04-02,البكتيريا والفيروسات,p8–9,true,BIO26-S04-02,10,30,FROZEN_V1
الفيروسات والبريونات والأمراض الميكروبية,الأمراض الفيروسية والفيروسات الارتجاعية والبريونات,BIO26-M04,BIO26-S04-03,البكتيريا والفيروسات,p8–9,true,BIO26-S04-03,10,22,FROZEN_V1
الطلائعيات,الطلائعيات الشبيهة بالحيوانات والحركة والأعضاء,BIO26-M05,BIO26-S05-01,الطلائعيات,p10,true,BIO26-S05-01,10,47,FROZEN_V1
الطلائعيات,الطحالب والطلائعيات الشبيهة بالنباتات,BIO26-M05,BIO26-S05-02,الطلائعيات,p10,true,BIO26-S05-02,10,35,FROZEN_V1
الطلائعيات,الطلائعيات الشبيهة بالفطريات والأمراض الطلائعية,BIO26-M05,BIO26-S05-03,الطلائعيات,p10,true,BIO26-S05-03,10,12,FROZEN_V1
الفطريات,تركيب الفطريات وتغذيتها وتكاثرها,BIO26-M06,BIO26-S06-01,الفطريات,p11,true,BIO26-S06-01,10,29,FROZEN_V1
الفطريات,تصنيف الفطريات وأمثلتها,BIO26-M06,BIO26-S06-02,الفطريات,p11,true,BIO26-S06-02,10,17,FROZEN_V1
الفطريات,الأشنات والفطريات الجذرية وفوائد وأضرار الفطريات,BIO26-M06,BIO26-S06-03,الفطريات,p11,true,BIO26-S06-03,10,13,FROZEN_V1
أسس المملكة الحيوانية والإسفنجيات واللاسعات,خصائص الحيوانات والتناظر والتجاويف والنمو الجنيني,BIO26-M07,BIO26-S07-01,مدخل إلى الحيوانات,p12–14,true,BIO26-S07-01,10,34,FROZEN_V1
أسس المملكة الحيوانية والإسفنجيات واللاسعات,الإسفنجيات: التركيب والتغذية والتكاثر,BIO26-M07,BIO26-S07-02,مدخل إلى الحيوانات,p12–14,true,BIO26-S07-02,10,9,FROZEN_V1
أسس المملكة الحيوانية والإسفنجيات واللاسعات,اللاسعات: التركيب والأطوار والتكاثر والأهمية,BIO26-M07,BIO26-S07-03,مدخل إلى الحيوانات,p12–14,true,BIO26-S07-03,10,31,FROZEN_V1
الديدان والرخويات,الديدان المفلطحة والأسطوانية والدوارات,BIO26-M08,BIO26-S08-01,الديدان والرخويات,p15–16,true,BIO26-S08-01,10,33,FROZEN_V1
الديدان والرخويات,الرخويات: التركيب والتنوع والوظائف,BIO26-M08,BIO26-S08-02,الديدان والرخويات,p15–16,true,BIO26-S08-02,10,34,FROZEN_V1
الديدان والرخويات,الديدان الحلقية: التركيب والتنوع والوظائف,BIO26-M08,BIO26-S08-03,الديدان والرخويات,p15–16,true,BIO26-S08-03,10,23,FROZEN_V1
المفصليات وشوكيات الجلد واللافقاريات الحبلية,المفصليات: الخصائص والطوائف والتكيفات,BIO26-M09,BIO26-S09-01,المفصليات + شوكيات الجلد واللافقاريات الحبلية,p17–20,true,BIO26-S09-01,10,68,FROZEN_V1
المفصليات وشوكيات الجلد واللافقاريات الحبلية,الحشرات والتحول والتنوع في المفصليات,BIO26-M09,BIO26-S09-02,المفصليات + شوكيات الجلد واللافقاريات الحبلية,p17–20,true,BIO26-S09-02,10,11,FROZEN_V1
المفصليات وشوكيات الجلد واللافقاريات الحبلية,شوكيات الجلد واللافقاريات الحبلية,BIO26-M09,BIO26-S09-03,المفصليات + شوكيات الجلد واللافقاريات الحبلية,p17–20,true,BIO26-S09-03,10,57,FROZEN_V1
الفقاريات والمقارنات بينها,الأسماك: الخصائص والتصنيف والتكيفات,BIO26-M10,BIO26-S10-01,الفقاريات + الصور التلخيصية,p12 + p21–26,true,BIO26-S10-01,10,61,FROZEN_V1
الفقاريات والمقارنات بينها,البرمائيات والزواحف والبيضة الأمنيونية,BIO26-M10,BIO26-S10-02,الفقاريات + الصور التلخيصية,p12 + p21–26,true,BIO26-S10-02,10,76,FROZEN_V1
الفقاريات والمقارنات بينها,الطيور والثدييات: الخصائص والتنوع,BIO26-M10,BIO26-S10-03,الفقاريات + الصور التلخيصية,p12 + p21–26,true,BIO26-S10-03,10,109,FROZEN_V1
الفقاريات والمقارنات بينها,المقارنة بين الفقاريات والأجهزة والتكيفات,BIO26-M10,BIO26-S10-04,الفقاريات + الصور التلخيصية,p12 + p21–26,true,BIO26-S10-04,10,71,FROZEN_V1
تنوع النباتات,النباتات اللاوعائية والوعائية اللابذرية وتعاقب الأجيال,BIO26-M11,BIO26-S11-01,النباتات اللاوعائية والوعائية,p28–29,true,BIO26-S11-01,10,20,FROZEN_V1
تنوع النباتات,النباتات البذرية ومعراة ومغطاة البذور وتكيفاتها,BIO26-M11,BIO26-S11-02,النباتات اللاوعائية والوعائية,p28–29,true,BIO26-S11-02,10,20,FROZEN_V1
خلايا وأنسجة النبات والنقل,الخلايا النباتية الأساسية والمرستيمية,BIO26-M12,BIO26-S12-01,الخلايا والأنسجة النباتية,p30,true,BIO26-S12-01,10,14,FROZEN_V1
خلايا وأنسجة النبات والنقل,الأنسجة النباتية والبشرة والأنسجة الأساسية,BIO26-M12,BIO26-S12-02,الخلايا والأنسجة النباتية,p30,true,BIO26-S12-02,10,9,FROZEN_V1
خلايا وأنسجة النبات والنقل,الأنسجة الوعائية ونقل الماء والمواد في النبات,BIO26-M12,BIO26-S12-03,الخلايا والأنسجة النباتية,p30,true,BIO26-S12-03,10,9,FROZEN_V1
تنظيم النبات وتكاثره,الهرمونات النباتية ووظائفها,BIO26-M13,BIO26-S13-01,الهرمونات واستجابة النبات + النباتات الزهرية,p31–34,true,BIO26-S13-01,10,13,FROZEN_V1
تنظيم النبات وتكاثره,الانتحاءات والاستجابات والفترة الضوئية,BIO26-M13,BIO26-S13-02,الهرمونات واستجابة النبات + النباتات الزهرية,p31–34,true,BIO26-S13-02,10,22,FROZEN_V1
تنظيم النبات وتكاثره,الأزهار والتلقيح والإخصاب والبذور والثمار,BIO26-M13,BIO26-S13-03,الهرمونات واستجابة النبات + النباتات الزهرية,p31–34,true,BIO26-S13-03,10,51,FROZEN_V1
الجهازان الهيكلي والعضلي,الجهاز الهيكلي: العظام والمفاصل والوظائف والأمراض,BIO26-M14,BIO26-S14-01,الجهاز الهيكلي + الجهاز العضلي,p35–36,true,BIO26-S14-01,10,58,FROZEN_V1
الجهازان الهيكلي والعضلي,الجهاز العضلي: الأنواع والانقباض والطاقة والقوة,BIO26-M14,BIO26-S14-02,الجهاز الهيكلي + الجهاز العضلي,p35–36,true,BIO26-S14-02,10,38,FROZEN_V1
الجهاز العصبي وتنظيمه,الخلية العصبية والتشابك العصبي,BIO26-M15,BIO26-S15-01,الجهاز العصبي + تنظيم الجهاز العصبي,p37–38,true,BIO26-S15-01,10,7,FROZEN_V1
الجهاز العصبي وتنظيمه,السيال العصبي وجهد الفعل ورد الفعل المنعكس,BIO26-M15,BIO26-S15-02,الجهاز العصبي + تنظيم الجهاز العصبي,p37–38,true,BIO26-S15-02,10,16,FROZEN_V1
الجهاز العصبي وتنظيمه,الجهاز العصبي المركزي وتنظيمه,BIO26-M15,BIO26-S15-03,الجهاز العصبي + تنظيم الجهاز العصبي,p37–38,true,BIO26-S15-03,10,21,FROZEN_V1
الجهاز العصبي وتنظيمه,الجهاز العصبي الطرفي والعقاقير وتأثيراتها,BIO26-M15,BIO26-S15-04,الجهاز العصبي + تنظيم الجهاز العصبي,p37–38,true,BIO26-S15-04,10,38,FROZEN_V1
الدوران والتنفس والإخراج,القلب والأوعية والدورة الدموية,BIO26-M16,BIO26-S16-01,الجهاز الدوراني + التنفسي والإخراجي,p39–41,true,BIO26-S16-01,10,17,FROZEN_V1
الدوران والتنفس والإخراج,مكونات الدم وفصائل الدم وعامل Rh,BIO26-M16,BIO26-S16-02,الجهاز الدوراني + التنفسي والإخراجي,p39–41,true,BIO26-S16-02,10,68,FROZEN_V1
الدوران والتنفس والإخراج,الجهاز التنفسي وتبادل الغازات وأمراضه,BIO26-M16,BIO26-S16-03,الجهاز الدوراني + التنفسي والإخراجي,p39–41,true,BIO26-S16-03,10,17,FROZEN_V1
الدوران والتنفس والإخراج,الكلية والنيفرون والإخراج والاتزان المائي,BIO26-M16,BIO26-S16-04,الجهاز الدوراني + التنفسي والإخراجي,p39–41,true,BIO26-S16-04,10,26,FROZEN_V1
الهضم والتغذية والغدد الصماء,القناة الهضمية والهضم والامتصاص,BIO26-M17,BIO26-S17-01,الجهاز الهضمي + التغذية + الغدد الصماء,p42–44,true,BIO26-S17-01,10,58,FROZEN_V1
الهضم والتغذية والغدد الصماء,المغذيات الكبرى والسعرات والطاقة,BIO26-M17,BIO26-S17-02,الجهاز الهضمي + التغذية + الغدد الصماء,p42–44,true,BIO26-S17-02,10,49,FROZEN_V1
الهضم والتغذية والغدد الصماء,الفيتامينات والمعادن والاحتياجات الغذائية,BIO26-M17,BIO26-S17-03,الجهاز الهضمي + التغذية + الغدد الصماء,p42–44,true,BIO26-S17-03,10,24,FROZEN_V1
الهضم والتغذية والغدد الصماء,الغدد الصماء والهرمونات والتغذية الراجعة,BIO26-M17,BIO26-S17-04,الجهاز الهضمي + التغذية + الغدد الصماء,p42–44,true,BIO26-S17-04,10,77,FROZEN_V1
التكاثر في الإنسان والنمو الجنيني,الجهاز التناسلي الذكري وتكوين الحيوانات المنوية,BIO26-M18,BIO26-S18-01,جهاز التكاثر في الإنسان + مراحل نمو الجنين,p45–46,true,BIO26-S18-01,10,11,FROZEN_V1
التكاثر في الإنسان والنمو الجنيني,الجهاز التناسلي الأنثوي والهرمونات ودورة الحيض,BIO26-M18,BIO26-S18-02,جهاز التكاثر في الإنسان + مراحل نمو الجنين,p45–46,true,BIO26-S18-02,10,32,FROZEN_V1
التكاثر في الإنسان والنمو الجنيني,الإخصاب وبدايات النمو والأغشية الجنينية والمشيمة,BIO26-M18,BIO26-S18-03,جهاز التكاثر في الإنسان + مراحل نمو الجنين,p45–46,true,BIO26-S18-03,10,11,FROZEN_V1
التكاثر في الإنسان والنمو الجنيني,نمو الجنين ومراحله والاختلالات ووسائل التشخيص,BIO26-M18,BIO26-S18-04,جهاز التكاثر في الإنسان + مراحل نمو الجنين,p45–46,true,BIO26-S18-04,10,12,FROZEN_V1
جهاز المناعة,المناعة غير المتخصصة والحواجز والالتهاب,BIO26-M19,BIO26-S19-01,جهاز المناعة,p47–49,true,BIO26-S19-01,10,24,FROZEN_V1
جهاز المناعة,المناعة المتخصصة والخلايا اللمفية والأجسام المضادة,BIO26-M19,BIO26-S19-02,جهاز المناعة,p47–49,true,BIO26-S19-02,10,7,FROZEN_V1
جهاز المناعة,المناعة النشطة والسلبية واللقاحات والذاكرة المناعية,BIO26-M19,BIO26-S19-03,جهاز المناعة,p47–49,true,BIO26-S19-03,10,10,FROZEN_V1
التراكيب الخلوية والغشاء والنقل,بدائية وحقيقية النوى ومقارنة الخلية النباتية والحيوانية,BIO26-M20,BIO26-S20-01,التراكيب الخلوية والعضيات,p50–51,true,BIO26-S20-01,10,30,FROZEN_V1
التراكيب الخلوية والغشاء والنقل,العضيات الغشائية ووظائفها وتصنيع ونقل المواد,BIO26-M20,BIO26-S20-02,التراكيب الخلوية والعضيات,p50–51,true,BIO26-S20-02,10,50,FROZEN_V1
التراكيب الخلوية والغشاء والنقل,النواة والرايبوسومات والهيكل الخلوي والأهداب والأسواط,BIO26-M20,BIO26-S20-03,التراكيب الخلوية والعضيات,p50–51,true,BIO26-S20-03,10,21,FROZEN_V1
التراكيب الخلوية والغشاء والنقل,الغشاء البلازمي والنقل والانتشار والأسموزية والنقل النشط,BIO26-M20,BIO26-S20-04,التراكيب الخلوية والعضيات,p50–51,true,BIO26-S20-04,10,6,FROZEN_V1
كيمياء الخلية والجزيئات الحيوية,الكربوهيدرات والدهون وبنيتها ووظائفها,BIO26-M21,BIO26-S21-01,كيمياء الخلية,p52,true,BIO26-S21-01,10,13,FROZEN_V1
كيمياء الخلية والجزيئات الحيوية,البروتينات والأحماض الأمينية والإنزيمات,BIO26-M21,BIO26-S21-02,كيمياء الخلية,p52,true,BIO26-S21-02,10,19,FROZEN_V1
كيمياء الخلية والجزيئات الحيوية,الأحماض النووية والنيوكليوتيدات والجزيئات الحيوية,BIO26-M21,BIO26-S21-03,كيمياء الخلية,p52,true,BIO26-S21-03,10,7,FROZEN_V1
الطاقة الخلوية والبناء الضوئي والتنفس,قوانين الطاقة والمسارات الأيضية وATP,BIO26-M22,BIO26-S22-01,الطاقة الخلوية + البناء الضوئي والتنفس الخلوي,p53–55,true,BIO26-S22-01,10,34,FROZEN_V1
الطاقة الخلوية والبناء الضوئي والتنفس,البناء الضوئي والتفاعلات الضوئية ودورة كالفن والمسارات البديلة,BIO26-M22,BIO26-S22-02,الطاقة الخلوية + البناء الضوئي والتنفس الخلوي,p53–55,true,BIO26-S22-02,10,15,FROZEN_V1
الطاقة الخلوية والبناء الضوئي والتنفس,التنفس الخلوي الهوائي واللاهوائي والتخمر,BIO26-M22,BIO26-S22-04,الطاقة الخلوية + البناء الضوئي والتنفس الخلوي,p53–55,true,BIO26-S22-04,10,43,FROZEN_V1
دورة الخلية والانقسام المتساوي والمنصف,حجم الخلية ونسبة السطح للحجم ودورة الخلية,BIO26-M23,BIO26-S23-01,التكاثر الخلوي + الانقسام المنصف,p56–59,true,BIO26-S23-01,10,18,FROZEN_V1
دورة الخلية والانقسام المتساوي والمنصف,الانقسام المتساوي ومراحله وانقسام السيتوبلازم,BIO26-M23,BIO26-S23-02,التكاثر الخلوي + الانقسام المنصف,p56–59,true,BIO26-S23-02,10,57,FROZEN_V1
دورة الخلية والانقسام المتساوي والمنصف,تنظيم دورة الخلية والسرطان والموت المبرمج والخلايا الجذعية,BIO26-M23,BIO26-S23-03,التكاثر الخلوي + الانقسام المنصف,p56–59,true,BIO26-S23-03,10,12,FROZEN_V1
دورة الخلية والانقسام المتساوي والمنصف,الانقسام المنصف ومراحله ومقارنته بالمتساوي والتنوع الوراثي,BIO26-M23,BIO26-S23-04,التكاثر الخلوي + الانقسام المنصف,p56–59,true,BIO26-S23-04,10,38,FROZEN_V1
الوراثة المندلية,مفاهيم مندل: السيادة والطراز الجيني والظاهري,BIO26-M24,BIO26-S24-01,الوراثة المندلية + الملخص,p60–62,true,BIO26-S24-01,10,16,FROZEN_V1
الوراثة المندلية,مربعات بانيت والتهجين الأحادي والاحتمالات,BIO26-M24,BIO26-S24-02,الوراثة المندلية + الملخص,p60–62,true,BIO26-S24-02,10,13,FROZEN_V1
الوراثة المندلية,التهجين الثنائي وقانون التوزيع الحر,BIO26-M24,BIO26-S24-03,الوراثة المندلية + الملخص,p60–62,true,BIO26-S24-03,10,5,FROZEN_V1
الوراثة المندلية,مصادر التنوع الوراثي وتعدد المجموعة الكروموسومية,BIO26-M24,BIO26-S24-04,الوراثة المندلية + الملخص,p60–62,true,BIO26-S24-04,10,19,FROZEN_V1
الوراثة المعقدة والبشرية,السيادة غير التامة والمشتركة والجينات المتعددة المتقابلة,BIO26-M25,BIO26-S25-01,الوراثة المعقدة والبشرية,p63–65,true,BIO26-S25-01,10,21,FROZEN_V1
الوراثة المعقدة والبشرية,الصفات متعددة الجينات والتفوق الجيني والتآثرات الجينية,BIO26-M25,BIO26-S25-02,الوراثة المعقدة والبشرية,p63–65,true,BIO26-S25-02,10,27,FROZEN_V1
الوراثة المعقدة والبشرية,تحديد الجنس والصفات المرتبطة والمتأثرة بالجنس,BIO26-M25,BIO26-S25-03,الوراثة المعقدة والبشرية,p63–65,true,BIO26-S25-03,10,9,FROZEN_V1
الوراثة المعقدة والبشرية,الوراثة البشرية: الاضطرابات ومخطط السلالة والكاريُوتايب وعدم الانفصال,BIO26-M25,BIO26-S25-04,الوراثة المعقدة والبشرية,p63–65,true,BIO26-S25-04,10,68,FROZEN_V1
المادة الوراثية والتعبير الجيني,تجارب اكتشاف المادة الوراثية وبنية DNA والكروموسوم,BIO26-M26,BIO26-S26-01,المادة الوراثية,p66–69,true,BIO26-S26-01,10,32,FROZEN_V1
المادة الوراثية والتعبير الجيني,تضاعف DNA وقواعد تشارجاف والطفرات,BIO26-M26,BIO26-S26-02,المادة الوراثية,p66–69,true,BIO26-S26-02,10,14,FROZEN_V1
المادة الوراثية والتعبير الجيني,RNA والنسخ والترجمة والشفرة الوراثية وتصنيع البروتين,BIO26-M26,BIO26-S26-03,المادة الوراثية,p66–69,true,BIO26-S26-03,10,29,FROZEN_V1
المادة الوراثية والتعبير الجيني,تنظيم الجينات والهندسة الوراثية والتقنيات الحيوية,BIO26-M26,BIO26-S26-04,المادة الوراثية,p66–69,true,BIO26-S26-04,10,28,FROZEN_V1
العلاقات البيئية وانتقال الطاقة ودورات المواد,العوامل الحيوية واللاحيوية ومستويات التنظيم والعلاقات البيئية,BIO26-M27,BIO26-S27-01,العلاقات المتبادلة + انتقال الطاقة + تدوير المواد,p70–72,true,BIO26-S27-01,10,61,FROZEN_V1
العلاقات البيئية وانتقال الطاقة ودورات المواد,السلاسل والشبكات الغذائية والأدوار التغذوية,BIO26-M27,BIO26-S27-02,العلاقات المتبادلة + انتقال الطاقة + تدوير المواد,p70–72,true,BIO26-S27-02,10,22,FROZEN_V1
العلاقات البيئية وانتقال الطاقة ودورات المواد,انتقال الطاقة والأهرام البيئية والإنتاجية,BIO26-M27,BIO26-S27-03,العلاقات المتبادلة + انتقال الطاقة + تدوير المواد,p70–72,true,BIO26-S27-03,10,40,FROZEN_V1
العلاقات البيئية وانتقال الطاقة ودورات المواد,دورات الماء والكربون والأكسجين والنيتروجين والفوسفور,BIO26-M27,BIO26-S27-04,العلاقات المتبادلة + انتقال الطاقة + تدوير المواد,p70–72,true,BIO26-S27-04,10,29,FROZEN_V1
المجتمعات والجماعات والتنوع الحيوي,التعاقب والعوامل المحددة والمناطق الحيوية والأنظمة المائية,BIO26-M28,BIO26-S28-01,المجتمعات والمناطق الحيوية + الأنظمة المائية + الجماعات + التنوع الحيوي,p73–77,true,BIO26-S28-01,10,62,FROZEN_V1
المجتمعات والجماعات والتنوع الحيوي,كثافة وتوزيع ونمو الجماعات والقدرة الاستيعابية والديموغرافيا,BIO26-M28,BIO26-S28-02,المجتمعات والمناطق الحيوية + الأنظمة المائية + الجماعات + التنوع الحيوي,p73–77,true,BIO26-S28-02,10,53,FROZEN_V1
المجتمعات والجماعات والتنوع الحيوي,التنوع الحيوي والتهديدات والمحافظة على الموارد واستعادة الأنظمة,BIO26-M28,BIO26-S28-03,المجتمعات والمناطق الحيوية + الأنظمة المائية + الجماعات + التنوع الحيوي,p73–77,true,BIO26-S28-03,10,78,FROZEN_V1
سلوك الحيوان,السلوك الفطري والمثيرات والإيقاعات الحيوية,BIO26-M29,BIO26-S29-01,سلوك الحيوان,p78–79,true,BIO26-S29-01,10,34,FROZEN_V1
سلوك الحيوان,السلوك المتعلم: التعود والتكييف والمحاولة والخطأ والطبع,BIO26-M29,BIO26-S29-02,سلوك الحيوان,p78–79,true,BIO26-S29-02,10,32,FROZEN_V1
سلوك الحيوان,السلوك الاجتماعي والتواصل والتزاوج والهجرة والإقليمية,BIO26-M29,BIO26-S29-03,سلوك الحيوان,p78–79,true,BIO26-S29-03,10,14,FROZEN_V1
