order,mainSkillId,mainSkill,subSkillCount,sourceQuestionOccurrences,status
1,BIO26-M01,الاستقصاء العلمي وخصائص الحياة,4,59,FROZEN_V1
2,BIO26-M02,التصنيف وتنظيم تنوع الحياة,3,47,FROZEN_V1
3,BIO26-M03,البدائيات والبكتيريا,4,50,FROZEN_V1
4,BIO26-M04,الفيروسات والبريونات والأمراض الميكروبية,3,61,FROZEN_V1
5,BIO26-M05,الطلائعيات,3,94,FROZEN_V1
6,BIO26-M06,الفطريات,3,59,FROZEN_V1
7,BIO26-M07,أسس المملكة الحيوانية والإسفنجيات واللاسعات,3,74,FROZEN_V1
8,BIO26-M08,الديدان والرخويات,3,90,FROZEN_V1
9,BIO26-M09,المفصليات وشوكيات الجلد واللافقاريات الحبلية,3,136,FROZEN_V1
10,BIO26-M10,الفقاريات والمقارنات بينها,4,317,FROZEN_V1
11,BIO26-M11,تنوع النباتات,2,40,FROZEN_V1
12,BIO26-M12,خلايا وأنسجة النبات والنقل,3,32,FROZEN_V1
13,BIO26-M13,تنظيم النبات وتكاثره,3,86,FROZEN_V1
14,BIO26-M14,الجهازان الهيكلي والعضلي,2,96,FROZEN_V1
15,BIO26-M15,الجهاز العصبي وتنظيمه,4,82,FROZEN_V1
16,BIO26-M16,الدوران والتنفس والإخراج,4,128,FROZEN_V1
17,BIO26-M17,الهضم والتغذية والغدد الصماء,4,208,FROZEN_V1
18,BIO26-M18,التكاثر في الإنسان والنمو الجنيني,4,66,FROZEN_V1
19,BIO26-M19,جهاز المناعة,3,41,FROZEN_V1
20,BIO26-M20,التراكيب الخلوية والغشاء والنقل,4,107,FROZEN_V1
21,BIO26-M21,كيمياء الخلية والجزيئات الحيوية,3,39,FROZEN_V1
22,BIO26-M22,الطاقة الخلوية والبناء الضوئي والتنفس,3,92,FROZEN_V1
23,BIO26-M23,دورة الخلية والانقسام المتساوي والمنصف,4,125,FROZEN_V1
24,BIO26-M24,الوراثة المندلية,4,53,FROZEN_V1
25,BIO26-M25,الوراثة المعقدة والبشرية,4,125,FROZEN_V1
26,BIO26-M26,المادة الوراثية والتعبير الجيني,4,103,FROZEN_V1
27,BIO26-M27,العلاقات البيئية وانتقال الطاقة ودورات المواد,4,152,FROZEN_V1
28,BIO26-M28,المجتمعات والجماعات والتنوع الحيوي,3,193,FROZEN_V1
29,BIO26-M29,سلوك الحيوان,3,80,FROZEN_V1
