lessonIndex,lessonCode,lesson,section,questionStart,questionEnd,mainSkillId,subSkillId,subSkill,rangeRule
1,BIO26-L01,دراسة الحياة,1,1,2,BIO26-M01,BIO26-S01-01,دور علم الأحياء والعلم الطبيعي ومجالاته,Q1–Q2 → BIO26-S01-01
1,BIO26-L01,دراسة الحياة,1,3,5,BIO26-M01,BIO26-S01-02,خصائص الحياة والاتزان الداخلي والتكيف,Q3–Q5 → BIO26-S01-02
1,BIO26-L01,دراسة الحياة,1,6,21,BIO26-M01,BIO26-S01-03,الطريقة العلمية والفرضيات والتجارب والمتغيرات,Q6–Q21 → BIO26-S01-03
1,BIO26-L01,دراسة الحياة,1,22,22,BIO26-M01,BIO26-S01-02,خصائص الحياة والاتزان الداخلي والتكيف,Q22–Q22 → BIO26-S01-02
1,BIO26-L01,دراسة الحياة,1,23,23,BIO26-M01,BIO26-S01-04,الملاحظة والبيانات والقياس ومراجعة الأقران,Q23–Q23 → BIO26-S01-04
1,BIO26-L01,دراسة الحياة,1,24,25,BIO26-M01,BIO26-S01-02,خصائص الحياة والاتزان الداخلي والتكيف,Q24–Q25 → BIO26-S01-02
1,BIO26-L01,دراسة الحياة,1,26,26,BIO26-M01,BIO26-S01-03,الطريقة العلمية والفرضيات والتجارب والمتغيرات,Q26–Q26 → BIO26-S01-03
1,BIO26-L01,دراسة الحياة,1,27,28,BIO26-M01,BIO26-S01-02,خصائص الحياة والاتزان الداخلي والتكيف,Q27–Q28 → BIO26-S01-02
1,BIO26-L01,دراسة الحياة,1,29,29,BIO26-M01,BIO26-S01-03,الطريقة العلمية والفرضيات والتجارب والمتغيرات,Q29–Q29 → BIO26-S01-03
1,BIO26-L01,دراسة الحياة,1,30,30,BIO26-M01,BIO26-S01-02,خصائص الحياة والاتزان الداخلي والتكيف,Q30–Q30 → BIO26-S01-02
1,BIO26-L01,دراسة الحياة,1,31,31,BIO26-M01,BIO26-S01-03,الطريقة العلمية والفرضيات والتجارب والمتغيرات,Q31–Q31 → BIO26-S01-03
1,BIO26-L01,دراسة الحياة,2,32,36,BIO26-M01,BIO26-S01-01,دور علم الأحياء والعلم الطبيعي ومجالاته,Q32–Q36 → BIO26-S01-01
1,BIO26-L01,دراسة الحياة,2,37,45,BIO26-M01,BIO26-S01-02,خصائص الحياة والاتزان الداخلي والتكيف,Q37–Q45 → BIO26-S01-02
1,BIO26-L01,دراسة الحياة,2,46,55,BIO26-M01,BIO26-S01-03,الطريقة العلمية والفرضيات والتجارب والمتغيرات,Q46–Q55 → BIO26-S01-03
1,BIO26-L01,دراسة الحياة,2,56,59,BIO26-M01,BIO26-S01-04,الملاحظة والبيانات والقياس ومراجعة الأقران,Q56–Q59 → BIO26-S01-04
2,BIO26-L02,تنظيم تنوع الحياة,1,1,5,BIO26-M02,BIO26-S02-01,التسمية الثنائية وقواعد الاسم العلمي,Q1–Q5 → BIO26-S02-01
2,BIO26-L02,تنظيم تنوع الحياة,1,6,16,BIO26-M02,BIO26-S02-02,مستويات التصنيف والمصنفات والعلاقات,Q6–Q16 → BIO26-S02-02
2,BIO26-L02,تنظيم تنوع الحياة,1,17,26,BIO26-M02,BIO26-S02-03,فوق الممالك والممالك الست وخصائصها,Q17–Q26 → BIO26-S02-03
2,BIO26-L02,تنظيم تنوع الحياة,2,27,28,BIO26-M02,BIO26-S02-01,التسمية الثنائية وقواعد الاسم العلمي,Q27–Q28 → BIO26-S02-01
2,BIO26-L02,تنظيم تنوع الحياة,2,29,39,BIO26-M02,BIO26-S02-02,مستويات التصنيف والمصنفات والعلاقات,Q29–Q39 → BIO26-S02-02
2,BIO26-L02,تنظيم تنوع الحياة,2,40,47,BIO26-M02,BIO26-S02-03,فوق الممالك والممالك الست وخصائصها,Q40–Q47 → BIO26-S02-03
3,BIO26-L03,البكتيريا والفيروسات,1,1,8,BIO26-M03,BIO26-S03-01,البدائيات والبكتيريا: التركيب والأنواع والحركة,Q1–Q8 → BIO26-S03-01
3,BIO26-L03,البكتيريا والفيروسات,1,9,9,BIO26-M03,BIO26-S03-02,صبغة جرام والجدار الخلوي والتراكيب الواقية,Q9–Q9 → BIO26-S03-02
3,BIO26-L03,البكتيريا والفيروسات,1,10,14,BIO26-M03,BIO26-S03-03,تكاثر البكتيريا والبقاء والطفرات والأبواغ,Q10–Q14 → BIO26-S03-03
3,BIO26-L03,البكتيريا والفيروسات,1,15,22,BIO26-M03,BIO26-S03-04,تغذية وأيض وأهمية البكتيريا,Q15–Q22 → BIO26-S03-04
3,BIO26-L03,البكتيريا والفيروسات,1,23,28,BIO26-M04,BIO26-S04-01,الأمراض البكتيرية والمضادات والمقاومة,Q23–Q28 → BIO26-S04-01
3,BIO26-L03,البكتيريا والفيروسات,1,29,36,BIO26-M04,BIO26-S04-02,تركيب الفيروسات وتضاعفها وتصنيفها,Q29–Q36 → BIO26-S04-02
3,BIO26-L03,البكتيريا والفيروسات,1,37,52,BIO26-M04,BIO26-S04-03,الأمراض الفيروسية والفيروسات الارتجاعية والبريونات,Q37–Q52 → BIO26-S04-03
3,BIO26-L03,البكتيريا والفيروسات,2,53,66,BIO26-M03,BIO26-S03-01,البدائيات والبكتيريا: التركيب والأنواع والحركة,Q53–Q66 → BIO26-S03-01
3,BIO26-L03,البكتيريا والفيروسات,2,67,68,BIO26-M03,BIO26-S03-02,صبغة جرام والجدار الخلوي والتراكيب الواقية,Q67–Q68 → BIO26-S03-02
3,BIO26-L03,البكتيريا والفيروسات,2,69,74,BIO26-M03,BIO26-S03-03,تكاثر البكتيريا والبقاء والطفرات والأبواغ,Q69–Q74 → BIO26-S03-03
3,BIO26-L03,البكتيريا والفيروسات,2,75,80,BIO26-M03,BIO26-S03-04,تغذية وأيض وأهمية البكتيريا,Q75–Q80 → BIO26-S03-04
3,BIO26-L03,البكتيريا والفيروسات,2,81,83,BIO26-M04,BIO26-S04-01,الأمراض البكتيرية والمضادات والمقاومة,Q81–Q83 → BIO26-S04-01
3,BIO26-L03,البكتيريا والفيروسات,2,84,105,BIO26-M04,BIO26-S04-02,تركيب الفيروسات وتضاعفها وتصنيفها,Q84–Q105 → BIO26-S04-02
3,BIO26-L03,البكتيريا والفيروسات,2,106,111,BIO26-M04,BIO26-S04-03,الأمراض الفيروسية والفيروسات الارتجاعية والبريونات,Q106–Q111 → BIO26-S04-03
4,BIO26-L04,الطلائعيات,1,1,35,BIO26-M05,BIO26-S05-01,الطلائعيات الشبيهة بالحيوانات والحركة والأعضاء,Q1–Q35 → BIO26-S05-01
4,BIO26-L04,الطلائعيات,1,36,57,BIO26-M05,BIO26-S05-02,الطحالب والطلائعيات الشبيهة بالنباتات,Q36–Q57 → BIO26-S05-02
4,BIO26-L04,الطلائعيات,1,58,67,BIO26-M05,BIO26-S05-03,الطلائعيات الشبيهة بالفطريات والأمراض الطلائعية,Q58–Q67 → BIO26-S05-03
4,BIO26-L04,الطلائعيات,2,68,79,BIO26-M05,BIO26-S05-01,الطلائعيات الشبيهة بالحيوانات والحركة والأعضاء,Q68–Q79 → BIO26-S05-01
4,BIO26-L04,الطلائعيات,2,80,92,BIO26-M05,BIO26-S05-02,الطحالب والطلائعيات الشبيهة بالنباتات,Q80–Q92 → BIO26-S05-02
4,BIO26-L04,الطلائعيات,2,93,94,BIO26-M05,BIO26-S05-03,الطلائعيات الشبيهة بالفطريات والأمراض الطلائعية,Q93–Q94 → BIO26-S05-03
5,BIO26-L05,الفطريات,1,1,9,BIO26-M06,BIO26-S06-01,تركيب الفطريات وتغذيتها وتكاثرها,Q1–Q9 → BIO26-S06-01
5,BIO26-L05,الفطريات,1,10,16,BIO26-M06,BIO26-S06-02,تصنيف الفطريات وأمثلتها,Q10–Q16 → BIO26-S06-02
5,BIO26-L05,الفطريات,1,17,27,BIO26-M06,BIO26-S06-03,الأشنات والفطريات الجذرية وفوائد وأضرار الفطريات,Q17–Q27 → BIO26-S06-03
5,BIO26-L05,الفطريات,2,28,42,BIO26-M06,BIO26-S06-01,تركيب الفطريات وتغذيتها وتكاثرها,Q28–Q42 → BIO26-S06-01
5,BIO26-L05,الفطريات,2,43,52,BIO26-M06,BIO26-S06-02,تصنيف الفطريات وأمثلتها,Q43–Q52 → BIO26-S06-02
5,BIO26-L05,الفطريات,2,53,57,BIO26-M06,BIO26-S06-01,تركيب الفطريات وتغذيتها وتكاثرها,Q53–Q57 → BIO26-S06-01
5,BIO26-L05,الفطريات,2,58,59,BIO26-M06,BIO26-S06-03,الأشنات والفطريات الجذرية وفوائد وأضرار الفطريات,Q58–Q59 → BIO26-S06-03
6,BIO26-L06,مدخل إلى الحيوانات,1,1,12,BIO26-M07,BIO26-S07-01,خصائص الحيوانات والتناظر والتجاويف والنمو الجنيني,Q1–Q12 → BIO26-S07-01
6,BIO26-L06,مدخل إلى الحيوانات,1,13,16,BIO26-M07,BIO26-S07-02,الإسفنجيات: التركيب والتغذية والتكاثر,Q13–Q16 → BIO26-S07-02
6,BIO26-L06,مدخل إلى الحيوانات,1,17,38,BIO26-M07,BIO26-S07-03,اللاسعات: التركيب والأطوار والتكاثر والأهمية,Q17–Q38 → BIO26-S07-03
6,BIO26-L06,مدخل إلى الحيوانات,2,39,60,BIO26-M07,BIO26-S07-01,خصائص الحيوانات والتناظر والتجاويف والنمو الجنيني,Q39–Q60 → BIO26-S07-01
6,BIO26-L06,مدخل إلى الحيوانات,2,61,65,BIO26-M07,BIO26-S07-02,الإسفنجيات: التركيب والتغذية والتكاثر,Q61–Q65 → BIO26-S07-02
6,BIO26-L06,مدخل إلى الحيوانات,2,66,74,BIO26-M07,BIO26-S07-03,اللاسعات: التركيب والأطوار والتكاثر والأهمية,Q66–Q74 → BIO26-S07-03
7,BIO26-L07,الديدان والرخويات,1,1,24,BIO26-M08,BIO26-S08-01,الديدان المفلطحة والأسطوانية والدوارات,Q1–Q24 → BIO26-S08-01
7,BIO26-L07,الديدان والرخويات,1,25,31,BIO26-M08,BIO26-S08-03,الديدان الحلقية: التركيب والتنوع والوظائف,Q25–Q31 → BIO26-S08-03
7,BIO26-L07,الديدان والرخويات,1,32,40,BIO26-M08,BIO26-S08-02,الرخويات: التركيب والتنوع والوظائف,Q32–Q40 → BIO26-S08-02
7,BIO26-L07,الديدان والرخويات,2,41,58,BIO26-M08,BIO26-S08-02,الرخويات: التركيب والتنوع والوظائف,Q41–Q58 → BIO26-S08-02
7,BIO26-L07,الديدان والرخويات,2,59,67,BIO26-M08,BIO26-S08-01,الديدان المفلطحة والأسطوانية والدوارات,Q59–Q67 → BIO26-S08-01
7,BIO26-L07,الديدان والرخويات,2,68,76,BIO26-M08,BIO26-S08-03,الديدان الحلقية: التركيب والتنوع والوظائف,Q68–Q76 → BIO26-S08-03
7,BIO26-L07,الديدان والرخويات,2,77,83,BIO26-M08,BIO26-S08-02,الرخويات: التركيب والتنوع والوظائف,Q77–Q83 → BIO26-S08-02
7,BIO26-L07,الديدان والرخويات,2,84,90,BIO26-M08,BIO26-S08-03,الديدان الحلقية: التركيب والتنوع والوظائف,Q84–Q90 → BIO26-S08-03
8,BIO26-L08,المفصليات,1,1,36,BIO26-M09,BIO26-S09-01,المفصليات: الخصائص والطوائف والتكيفات,Q1–Q36 → BIO26-S09-01
8,BIO26-L08,المفصليات,2,37,68,BIO26-M09,BIO26-S09-01,المفصليات: الخصائص والطوائف والتكيفات,Q37–Q68 → BIO26-S09-01
8,BIO26-L08,المفصليات,2,69,79,BIO26-M09,BIO26-S09-02,الحشرات والتحول والتنوع في المفصليات,Q69–Q79 → BIO26-S09-02
9,BIO26-L09,شوكيات الجلد واللافقاريات الحبلية,1,1,25,BIO26-M09,BIO26-S09-03,شوكيات الجلد واللافقاريات الحبلية,Q1–Q25 → BIO26-S09-03
9,BIO26-L09,شوكيات الجلد واللافقاريات الحبلية,2,26,57,BIO26-M09,BIO26-S09-03,شوكيات الجلد واللافقاريات الحبلية,Q26–Q57 → BIO26-S09-03
10,BIO26-L10,الأسماك,1,1,39,BIO26-M10,BIO26-S10-01,الأسماك: الخصائص والتصنيف والتكيفات,Q1–Q39 → BIO26-S10-01
10,BIO26-L10,الأسماك,2,40,61,BIO26-M10,BIO26-S10-01,الأسماك: الخصائص والتصنيف والتكيفات,Q40–Q61 → BIO26-S10-01
11,BIO26-L11,البرمائيات,1,1,22,BIO26-M10,BIO26-S10-02,البرمائيات والزواحف والبيضة الأمنيونية,Q1–Q22 → BIO26-S10-02
11,BIO26-L11,البرمائيات,2,23,39,BIO26-M10,BIO26-S10-02,البرمائيات والزواحف والبيضة الأمنيونية,Q23–Q39 → BIO26-S10-02
12,BIO26-L12,الزواحف,1,1,20,BIO26-M10,BIO26-S10-02,البرمائيات والزواحف والبيضة الأمنيونية,Q1–Q20 → BIO26-S10-02
12,BIO26-L12,الزواحف,2,21,37,BIO26-M10,BIO26-S10-02,البرمائيات والزواحف والبيضة الأمنيونية,Q21–Q37 → BIO26-S10-02
13,BIO26-L13,الطيور,1,1,15,BIO26-M10,BIO26-S10-03,الطيور والثدييات: الخصائص والتنوع,Q1–Q15 → BIO26-S10-03
13,BIO26-L13,الطيور,2,16,32,BIO26-M10,BIO26-S10-03,الطيور والثدييات: الخصائص والتنوع,Q16–Q32 → BIO26-S10-03
14,BIO26-L14,الثدييات,1,1,41,BIO26-M10,BIO26-S10-03,الطيور والثدييات: الخصائص والتنوع,Q1–Q41 → BIO26-S10-03
14,BIO26-L14,الثدييات,2,42,77,BIO26-M10,BIO26-S10-03,الطيور والثدييات: الخصائص والتنوع,Q42–Q77 → BIO26-S10-03
15,BIO26-L15,أسئلة المقارنات بين الفقاريات,1,1,71,BIO26-M10,BIO26-S10-04,المقارنة بين الفقاريات والأجهزة والتكيفات,Q1–Q71 → BIO26-S10-04
16,BIO26-L16,النباتات اللاوعائية والوعائية,1,1,13,BIO26-M11,BIO26-S11-01,النباتات اللاوعائية والوعائية اللابذرية وتعاقب الأجيال,Q1–Q13 → BIO26-S11-01
16,BIO26-L16,النباتات اللاوعائية والوعائية,1,14,21,BIO26-M11,BIO26-S11-02,النباتات البذرية ومعراة ومغطاة البذور وتكيفاتها,Q14–Q21 → BIO26-S11-02
16,BIO26-L16,النباتات اللاوعائية والوعائية,2,22,28,BIO26-M11,BIO26-S11-01,النباتات اللاوعائية والوعائية اللابذرية وتعاقب الأجيال,Q22–Q28 → BIO26-S11-01
16,BIO26-L16,النباتات اللاوعائية والوعائية,2,29,40,BIO26-M11,BIO26-S11-02,النباتات البذرية ومعراة ومغطاة البذور وتكيفاتها,Q29–Q40 → BIO26-S11-02
17,BIO26-L17,خلايا وأنسجة النباتات,1,1,7,BIO26-M12,BIO26-S12-01,الخلايا النباتية الأساسية والمرستيمية,Q1–Q7 → BIO26-S12-01
17,BIO26-L17,خلايا وأنسجة النباتات,1,8,11,BIO26-M12,BIO26-S12-02,الأنسجة النباتية والبشرة والأنسجة الأساسية,Q8–Q11 → BIO26-S12-02
17,BIO26-L17,خلايا وأنسجة النباتات,1,12,16,BIO26-M12,BIO26-S12-03,الأنسجة الوعائية ونقل الماء والمواد في النبات,Q12–Q16 → BIO26-S12-03
17,BIO26-L17,خلايا وأنسجة النباتات,2,17,23,BIO26-M12,BIO26-S12-01,الخلايا النباتية الأساسية والمرستيمية,Q17–Q23 → BIO26-S12-01
17,BIO26-L17,خلايا وأنسجة النباتات,2,24,28,BIO26-M12,BIO26-S12-02,الأنسجة النباتية والبشرة والأنسجة الأساسية,Q24–Q28 → BIO26-S12-02
17,BIO26-L17,خلايا وأنسجة النباتات,2,29,32,BIO26-M12,BIO26-S12-03,الأنسجة الوعائية ونقل الماء والمواد في النبات,Q29–Q32 → BIO26-S12-03
18,BIO26-L18,الهرمونات واستجابة النبات,1,1,7,BIO26-M13,BIO26-S13-01,الهرمونات النباتية ووظائفها,Q1–Q7 → BIO26-S13-01
18,BIO26-L18,الهرمونات واستجابة النبات,1,8,26,BIO26-M13,BIO26-S13-02,الانتحاءات والاستجابات والفترة الضوئية,Q8–Q26 → BIO26-S13-02
18,BIO26-L18,الهرمونات واستجابة النبات,2,27,32,BIO26-M13,BIO26-S13-01,الهرمونات النباتية ووظائفها,Q27–Q32 → BIO26-S13-01
18,BIO26-L18,الهرمونات واستجابة النبات,2,33,35,BIO26-M13,BIO26-S13-02,الانتحاءات والاستجابات والفترة الضوئية,Q33–Q35 → BIO26-S13-02
19,BIO26-L19,النباتات الزهرية وتكاثرها,1,1,39,BIO26-M13,BIO26-S13-03,الأزهار والتلقيح والإخصاب والبذور والثمار,Q1–Q39 → BIO26-S13-03
19,BIO26-L19,النباتات الزهرية وتكاثرها,2,40,51,BIO26-M13,BIO26-S13-03,الأزهار والتلقيح والإخصاب والبذور والثمار,Q40–Q51 → BIO26-S13-03
20,BIO26-L20,الجهاز الهيكلي,1,1,44,BIO26-M14,BIO26-S14-01,الجهاز الهيكلي: العظام والمفاصل والوظائف والأمراض,Q1–Q44 → BIO26-S14-01
20,BIO26-L20,الجهاز الهيكلي,2,45,58,BIO26-M14,BIO26-S14-01,الجهاز الهيكلي: العظام والمفاصل والوظائف والأمراض,Q45–Q58 → BIO26-S14-01
21,BIO26-L21,الجهاز العضلي,1,1,15,BIO26-M14,BIO26-S14-02,الجهاز العضلي: الأنواع والانقباض والطاقة والقوة,Q1–Q15 → BIO26-S14-02
21,BIO26-L21,الجهاز العضلي,2,16,38,BIO26-M14,BIO26-S14-02,الجهاز العضلي: الأنواع والانقباض والطاقة والقوة,Q16–Q38 → BIO26-S14-02
22,BIO26-L22,الجهاز العصبي,1,1,4,BIO26-M15,BIO26-S15-01,الخلية العصبية والتشابك العصبي,Q1–Q4 → BIO26-S15-01
22,BIO26-L22,الجهاز العصبي,1,5,10,BIO26-M15,BIO26-S15-02,السيال العصبي وجهد الفعل ورد الفعل المنعكس,Q5–Q10 → BIO26-S15-02
22,BIO26-L22,الجهاز العصبي,1,11,21,BIO26-M15,BIO26-S15-04,الجهاز العصبي الطرفي والعقاقير وتأثيراتها,Q11–Q21 → BIO26-S15-04
22,BIO26-L22,الجهاز العصبي,2,22,24,BIO26-M15,BIO26-S15-01,الخلية العصبية والتشابك العصبي,Q22–Q24 → BIO26-S15-01
22,BIO26-L22,الجهاز العصبي,2,25,34,BIO26-M15,BIO26-S15-02,السيال العصبي وجهد الفعل ورد الفعل المنعكس,Q25–Q34 → BIO26-S15-02
22,BIO26-L22,الجهاز العصبي,2,35,44,BIO26-M15,BIO26-S15-04,الجهاز العصبي الطرفي والعقاقير وتأثيراتها,Q35–Q44 → BIO26-S15-04
23,BIO26-L23,تنظيم الجهاز العصبي,1,1,15,BIO26-M15,BIO26-S15-03,الجهاز العصبي المركزي وتنظيمه,Q1–Q15 → BIO26-S15-03
23,BIO26-L23,تنظيم الجهاز العصبي,1,16,26,BIO26-M15,BIO26-S15-04,الجهاز العصبي الطرفي والعقاقير وتأثيراتها,Q16–Q26 → BIO26-S15-04
23,BIO26-L23,تنظيم الجهاز العصبي,2,27,32,BIO26-M15,BIO26-S15-03,الجهاز العصبي المركزي وتنظيمه,Q27–Q32 → BIO26-S15-03
23,BIO26-L23,تنظيم الجهاز العصبي,2,33,38,BIO26-M15,BIO26-S15-04,الجهاز العصبي الطرفي والعقاقير وتأثيراتها,Q33–Q38 → BIO26-S15-04
24,BIO26-L24,الجهاز الدوراني,1,1,5,BIO26-M16,BIO26-S16-02,مكونات الدم وفصائل الدم وعامل Rh,Q1–Q5 → BIO26-S16-02
24,BIO26-L24,الجهاز الدوراني,1,6,11,BIO26-M16,BIO26-S16-01,القلب والأوعية والدورة الدموية,Q6–Q11 → BIO26-S16-01
24,BIO26-L24,الجهاز الدوراني,1,12,55,BIO26-M16,BIO26-S16-02,مكونات الدم وفصائل الدم وعامل Rh,Q12–Q55 → BIO26-S16-02
24,BIO26-L24,الجهاز الدوراني,2,56,60,BIO26-M16,BIO26-S16-02,مكونات الدم وفصائل الدم وعامل Rh,Q56–Q60 → BIO26-S16-02
24,BIO26-L24,الجهاز الدوراني,2,61,71,BIO26-M16,BIO26-S16-01,القلب والأوعية والدورة الدموية,Q61–Q71 → BIO26-S16-01
24,BIO26-L24,الجهاز الدوراني,2,72,85,BIO26-M16,BIO26-S16-02,مكونات الدم وفصائل الدم وعامل Rh,Q72–Q85 → BIO26-S16-02
25,BIO26-L25,الجهازان التنفسي والإخراجي,1,1,7,BIO26-M16,BIO26-S16-03,الجهاز التنفسي وتبادل الغازات وأمراضه,Q1–Q7 → BIO26-S16-03
25,BIO26-L25,الجهازان التنفسي والإخراجي,1,8,24,BIO26-M16,BIO26-S16-04,الكلية والنيفرون والإخراج والاتزان المائي,Q8–Q24 → BIO26-S16-04
25,BIO26-L25,الجهازان التنفسي والإخراجي,2,25,34,BIO26-M16,BIO26-S16-03,الجهاز التنفسي وتبادل الغازات وأمراضه,Q25–Q34 → BIO26-S16-03
25,BIO26-L25,الجهازان التنفسي والإخراجي,2,35,43,BIO26-M16,BIO26-S16-04,الكلية والنيفرون والإخراج والاتزان المائي,Q35–Q43 → BIO26-S16-04
26,BIO26-L26,الجهاز الهضمي,1,1,29,BIO26-M17,BIO26-S17-01,القناة الهضمية والهضم والامتصاص,Q1–Q29 → BIO26-S17-01
26,BIO26-L26,الجهاز الهضمي,2,30,58,BIO26-M17,BIO26-S17-01,القناة الهضمية والهضم والامتصاص,Q30–Q58 → BIO26-S17-01
27,BIO26-L27,التغذية,1,1,25,BIO26-M17,BIO26-S17-02,المغذيات الكبرى والسعرات والطاقة,Q1–Q25 → BIO26-S17-02
27,BIO26-L27,التغذية,1,26,40,BIO26-M17,BIO26-S17-03,الفيتامينات والمعادن والاحتياجات الغذائية,Q26–Q40 → BIO26-S17-03
27,BIO26-L27,التغذية,2,41,64,BIO26-M17,BIO26-S17-02,المغذيات الكبرى والسعرات والطاقة,Q41–Q64 → BIO26-S17-02
27,BIO26-L27,التغذية,2,65,73,BIO26-M17,BIO26-S17-03,الفيتامينات والمعادن والاحتياجات الغذائية,Q65–Q73 → BIO26-S17-03
28,BIO26-L28,جهاز الغدد الصم,1,1,35,BIO26-M17,BIO26-S17-04,الغدد الصماء والهرمونات والتغذية الراجعة,Q1–Q35 → BIO26-S17-04
28,BIO26-L28,جهاز الغدد الصم,2,36,77,BIO26-M17,BIO26-S17-04,الغدد الصماء والهرمونات والتغذية الراجعة,Q36–Q77 → BIO26-S17-04
29,BIO26-L29,جهاز التكاثر في الإنسان,1,1,4,BIO26-M18,BIO26-S18-01,الجهاز التناسلي الذكري وتكوين الحيوانات المنوية,Q1–Q4 → BIO26-S18-01
29,BIO26-L29,جهاز التكاثر في الإنسان,1,5,22,BIO26-M18,BIO26-S18-02,الجهاز التناسلي الأنثوي والهرمونات ودورة الحيض,Q5–Q22 → BIO26-S18-02
29,BIO26-L29,جهاز التكاثر في الإنسان,2,23,29,BIO26-M18,BIO26-S18-01,الجهاز التناسلي الذكري وتكوين الحيوانات المنوية,Q23–Q29 → BIO26-S18-01
29,BIO26-L29,جهاز التكاثر في الإنسان,2,30,43,BIO26-M18,BIO26-S18-02,الجهاز التناسلي الأنثوي والهرمونات ودورة الحيض,Q30–Q43 → BIO26-S18-02
30,BIO26-L30,مراحل نمو الجنين,1,1,6,BIO26-M18,BIO26-S18-03,الإخصاب وبدايات النمو والأغشية الجنينية والمشيمة,Q1–Q6 → BIO26-S18-03
30,BIO26-L30,مراحل نمو الجنين,1,7,11,BIO26-M18,BIO26-S18-04,نمو الجنين ومراحله والاختلالات ووسائل التشخيص,Q7–Q11 → BIO26-S18-04
30,BIO26-L30,مراحل نمو الجنين,2,12,16,BIO26-M18,BIO26-S18-03,الإخصاب وبدايات النمو والأغشية الجنينية والمشيمة,Q12–Q16 → BIO26-S18-03
30,BIO26-L30,مراحل نمو الجنين,2,17,23,BIO26-M18,BIO26-S18-04,نمو الجنين ومراحله والاختلالات ووسائل التشخيص,Q17–Q23 → BIO26-S18-04
31,BIO26-L31,الجهاز المناعي,1,1,9,BIO26-M19,BIO26-S19-01,المناعة غير المتخصصة والحواجز والالتهاب,Q1–Q9 → BIO26-S19-01
31,BIO26-L31,الجهاز المناعي,1,10,14,BIO26-M19,BIO26-S19-03,المناعة النشطة والسلبية واللقاحات والذاكرة المناعية,Q10–Q14 → BIO26-S19-03
31,BIO26-L31,الجهاز المناعي,1,15,18,BIO26-M19,BIO26-S19-02,المناعة المتخصصة والخلايا اللمفية والأجسام المضادة,Q15–Q18 → BIO26-S19-02
31,BIO26-L31,الجهاز المناعي,1,19,23,BIO26-M19,BIO26-S19-03,المناعة النشطة والسلبية واللقاحات والذاكرة المناعية,Q19–Q23 → BIO26-S19-03
31,BIO26-L31,الجهاز المناعي,2,24,38,BIO26-M19,BIO26-S19-01,المناعة غير المتخصصة والحواجز والالتهاب,Q24–Q38 → BIO26-S19-01
31,BIO26-L31,الجهاز المناعي,2,39,41,BIO26-M19,BIO26-S19-02,المناعة المتخصصة والخلايا اللمفية والأجسام المضادة,Q39–Q41 → BIO26-S19-02
32,BIO26-L32,التراكيب الخلوية,1,1,20,BIO26-M20,BIO26-S20-01,بدائية وحقيقية النوى ومقارنة الخلية النباتية والحيوانية,Q1–Q20 → BIO26-S20-01
32,BIO26-L32,التراكيب الخلوية,1,21,29,BIO26-M20,BIO26-S20-02,العضيات الغشائية ووظائفها وتصنيع ونقل المواد,Q21–Q29 → BIO26-S20-02
32,BIO26-L32,التراكيب الخلوية,1,30,45,BIO26-M20,BIO26-S20-03,النواة والرايبوسومات والهيكل الخلوي والأهداب والأسواط,Q30–Q45 → BIO26-S20-03
32,BIO26-L32,التراكيب الخلوية,1,46,79,BIO26-M20,BIO26-S20-02,العضيات الغشائية ووظائفها وتصنيع ونقل المواد,Q46–Q79 → BIO26-S20-02
32,BIO26-L32,التراكيب الخلوية,2,80,89,BIO26-M20,BIO26-S20-01,بدائية وحقيقية النوى ومقارنة الخلية النباتية والحيوانية,Q80–Q89 → BIO26-S20-01
32,BIO26-L32,التراكيب الخلوية,2,90,95,BIO26-M20,BIO26-S20-02,العضيات الغشائية ووظائفها وتصنيع ونقل المواد,Q90–Q95 → BIO26-S20-02
32,BIO26-L32,التراكيب الخلوية,2,96,99,BIO26-M20,BIO26-S20-03,النواة والرايبوسومات والهيكل الخلوي والأهداب والأسواط,Q96–Q99 → BIO26-S20-03
32,BIO26-L32,التراكيب الخلوية,2,100,105,BIO26-M20,BIO26-S20-04,الغشاء البلازمي والنقل والانتشار والأسموزية والنقل النشط,Q100–Q105 → BIO26-S20-04
32,BIO26-L32,التراكيب الخلوية,2,106,106,BIO26-M20,BIO26-S20-03,النواة والرايبوسومات والهيكل الخلوي والأهداب والأسواط,Q106–Q106 → BIO26-S20-03
32,BIO26-L32,التراكيب الخلوية,2,107,107,BIO26-M20,BIO26-S20-02,العضيات الغشائية ووظائفها وتصنيع ونقل المواد,Q107–Q107 → BIO26-S20-02
33,BIO26-L33,كيمياء الخلية,1,1,8,BIO26-M21,BIO26-S21-01,الكربوهيدرات والدهون وبنيتها ووظائفها,Q1–Q8 → BIO26-S21-01
33,BIO26-L33,كيمياء الخلية,1,9,14,BIO26-M21,BIO26-S21-02,البروتينات والأحماض الأمينية والإنزيمات,Q9–Q14 → BIO26-S21-02
33,BIO26-L33,كيمياء الخلية,1,15,20,BIO26-M21,BIO26-S21-03,الأحماض النووية والنيوكليوتيدات والجزيئات الحيوية,Q15–Q20 → BIO26-S21-03
33,BIO26-L33,كيمياء الخلية,2,21,25,BIO26-M21,BIO26-S21-01,الكربوهيدرات والدهون وبنيتها ووظائفها,Q21–Q25 → BIO26-S21-01
33,BIO26-L33,كيمياء الخلية,2,26,38,BIO26-M21,BIO26-S21-02,البروتينات والأحماض الأمينية والإنزيمات,Q26–Q38 → BIO26-S21-02
33,BIO26-L33,كيمياء الخلية,2,39,39,BIO26-M21,BIO26-S21-03,الأحماض النووية والنيوكليوتيدات والجزيئات الحيوية,Q39–Q39 → BIO26-S21-03
34,BIO26-L34,الطاقة الخلوية,1,1,25,BIO26-M22,BIO26-S22-01,قوانين الطاقة والمسارات الأيضية وATP,Q1–Q25 → BIO26-S22-01
34,BIO26-L34,الطاقة الخلوية,2,26,34,BIO26-M22,BIO26-S22-01,قوانين الطاقة والمسارات الأيضية وATP,Q26–Q34 → BIO26-S22-01
35,BIO26-L35,البناء الضوئي والتنفس الخلوي,1,1,12,BIO26-M22,BIO26-S22-02,البناء الضوئي والتفاعلات الضوئية ودورة كالفن والمسارات البديلة,Q1–Q12 → BIO26-S22-02
35,BIO26-L35,البناء الضوئي والتنفس الخلوي,1,13,37,BIO26-M22,BIO26-S22-04,التنفس الخلوي الهوائي واللاهوائي والتخمر,Q13–Q37 → BIO26-S22-04
35,BIO26-L35,البناء الضوئي والتنفس الخلوي,2,38,40,BIO26-M22,BIO26-S22-02,البناء الضوئي والتفاعلات الضوئية ودورة كالفن والمسارات البديلة,Q38–Q40 → BIO26-S22-02
35,BIO26-L35,البناء الضوئي والتنفس الخلوي,2,41,58,BIO26-M22,BIO26-S22-04,التنفس الخلوي الهوائي واللاهوائي والتخمر,Q41–Q58 → BIO26-S22-04
36,BIO26-L36,التكاثر الخلوي,1,1,13,BIO26-M23,BIO26-S23-01,حجم الخلية ونسبة السطح للحجم ودورة الخلية,Q1–Q13 → BIO26-S23-01
36,BIO26-L36,التكاثر الخلوي,1,14,22,BIO26-M23,BIO26-S23-02,الانقسام المتساوي ومراحله وانقسام السيتوبلازم,Q14–Q22 → BIO26-S23-02
36,BIO26-L36,التكاثر الخلوي,1,23,27,BIO26-M23,BIO26-S23-03,تنظيم دورة الخلية والسرطان والموت المبرمج والخلايا الجذعية,Q23–Q27 → BIO26-S23-03
36,BIO26-L36,التكاثر الخلوي,1,28,47,BIO26-M23,BIO26-S23-02,الانقسام المتساوي ومراحله وانقسام السيتوبلازم,Q28–Q47 → BIO26-S23-02
36,BIO26-L36,التكاثر الخلوي,2,48,52,BIO26-M23,BIO26-S23-01,حجم الخلية ونسبة السطح للحجم ودورة الخلية,Q48–Q52 → BIO26-S23-01
36,BIO26-L36,التكاثر الخلوي,2,53,79,BIO26-M23,BIO26-S23-02,الانقسام المتساوي ومراحله وانقسام السيتوبلازم,Q53–Q79 → BIO26-S23-02
36,BIO26-L36,التكاثر الخلوي,2,80,86,BIO26-M23,BIO26-S23-03,تنظيم دورة الخلية والسرطان والموت المبرمج والخلايا الجذعية,Q80–Q86 → BIO26-S23-03
36,BIO26-L36,التكاثر الخلوي,2,87,87,BIO26-M23,BIO26-S23-02,الانقسام المتساوي ومراحله وانقسام السيتوبلازم,Q87–Q87 → BIO26-S23-02
37,BIO26-L37,الانقسام المنصف,1,1,22,BIO26-M23,BIO26-S23-04,الانقسام المنصف ومراحله ومقارنته بالمتساوي والتنوع الوراثي,Q1–Q22 → BIO26-S23-04
37,BIO26-L37,الانقسام المنصف,2,23,38,BIO26-M23,BIO26-S23-04,الانقسام المنصف ومراحله ومقارنته بالمتساوي والتنوع الوراثي,Q23–Q38 → BIO26-S23-04
38,BIO26-L38,الوراثة المندلية,1,1,10,BIO26-M24,BIO26-S24-01,مفاهيم مندل: السيادة والطراز الجيني والظاهري,Q1–Q10 → BIO26-S24-01
38,BIO26-L38,الوراثة المندلية,1,11,17,BIO26-M24,BIO26-S24-02,مربعات بانيت والتهجين الأحادي والاحتمالات,Q11–Q17 → BIO26-S24-02
38,BIO26-L38,الوراثة المندلية,1,18,20,BIO26-M24,BIO26-S24-03,التهجين الثنائي وقانون التوزيع الحر,Q18–Q20 → BIO26-S24-03
38,BIO26-L38,الوراثة المندلية,1,21,35,BIO26-M24,BIO26-S24-04,مصادر التنوع الوراثي وتعدد المجموعة الكروموسومية,Q21–Q35 → BIO26-S24-04
38,BIO26-L38,الوراثة المندلية,2,36,41,BIO26-M24,BIO26-S24-01,مفاهيم مندل: السيادة والطراز الجيني والظاهري,Q36–Q41 → BIO26-S24-01
38,BIO26-L38,الوراثة المندلية,2,42,47,BIO26-M24,BIO26-S24-02,مربعات بانيت والتهجين الأحادي والاحتمالات,Q42–Q47 → BIO26-S24-02
38,BIO26-L38,الوراثة المندلية,2,48,49,BIO26-M24,BIO26-S24-03,التهجين الثنائي وقانون التوزيع الحر,Q48–Q49 → BIO26-S24-03
38,BIO26-L38,الوراثة المندلية,2,50,53,BIO26-M24,BIO26-S24-04,مصادر التنوع الوراثي وتعدد المجموعة الكروموسومية,Q50–Q53 → BIO26-S24-04
39,BIO26-L39,الوراثة المعقدة والبشرية,1,1,12,BIO26-M25,BIO26-S25-04,الوراثة البشرية: الاضطرابات ومخطط السلالة والكاريُوتايب وعدم الانفصال,Q1–Q12 → BIO26-S25-04
39,BIO26-L39,الوراثة المعقدة والبشرية,1,13,17,BIO26-M25,BIO26-S25-01,السيادة غير التامة والمشتركة والجينات المتعددة المتقابلة,Q13–Q17 → BIO26-S25-01
39,BIO26-L39,الوراثة المعقدة والبشرية,1,18,38,BIO26-M25,BIO26-S25-02,الصفات متعددة الجينات والتفوق الجيني والتآثرات الجينية,Q18–Q38 → BIO26-S25-02
39,BIO26-L39,الوراثة المعقدة والبشرية,1,39,39,BIO26-M25,BIO26-S25-03,تحديد الجنس والصفات المرتبطة والمتأثرة بالجنس,Q39–Q39 → BIO26-S25-03
39,BIO26-L39,الوراثة المعقدة والبشرية,1,40,40,BIO26-M25,BIO26-S25-02,الصفات متعددة الجينات والتفوق الجيني والتآثرات الجينية,Q40–Q40 → BIO26-S25-02
39,BIO26-L39,الوراثة المعقدة والبشرية,1,41,80,BIO26-M25,BIO26-S25-04,الوراثة البشرية: الاضطرابات ومخطط السلالة والكاريُوتايب وعدم الانفصال,Q41–Q80 → BIO26-S25-04
39,BIO26-L39,الوراثة المعقدة والبشرية,2,81,88,BIO26-M25,BIO26-S25-04,الوراثة البشرية: الاضطرابات ومخطط السلالة والكاريُوتايب وعدم الانفصال,Q81–Q88 → BIO26-S25-04
39,BIO26-L39,الوراثة المعقدة والبشرية,2,89,104,BIO26-M25,BIO26-S25-01,السيادة غير التامة والمشتركة والجينات المتعددة المتقابلة,Q89–Q104 → BIO26-S25-01
39,BIO26-L39,الوراثة المعقدة والبشرية,2,105,107,BIO26-M25,BIO26-S25-02,الصفات متعددة الجينات والتفوق الجيني والتآثرات الجينية,Q105–Q107 → BIO26-S25-02
39,BIO26-L39,الوراثة المعقدة والبشرية,2,108,115,BIO26-M25,BIO26-S25-03,تحديد الجنس والصفات المرتبطة والمتأثرة بالجنس,Q108–Q115 → BIO26-S25-03
39,BIO26-L39,الوراثة المعقدة والبشرية,2,116,117,BIO26-M25,BIO26-S25-02,الصفات متعددة الجينات والتفوق الجيني والتآثرات الجينية,Q116–Q117 → BIO26-S25-02
39,BIO26-L39,الوراثة المعقدة والبشرية,2,118,125,BIO26-M25,BIO26-S25-04,الوراثة البشرية: الاضطرابات ومخطط السلالة والكاريُوتايب وعدم الانفصال,Q118–Q125 → BIO26-S25-04
40,BIO26-L40,المادة الوراثية,1,1,14,BIO26-M26,BIO26-S26-01,تجارب اكتشاف المادة الوراثية وبنية DNA والكروموسوم,Q1–Q14 → BIO26-S26-01
40,BIO26-L40,المادة الوراثية,1,15,28,BIO26-M26,BIO26-S26-02,تضاعف DNA وقواعد تشارجاف والطفرات,Q15–Q28 → BIO26-S26-02
40,BIO26-L40,المادة الوراثية,1,29,42,BIO26-M26,BIO26-S26-03,RNA والنسخ والترجمة والشفرة الوراثية وتصنيع البروتين,Q29–Q42 → BIO26-S26-03
40,BIO26-L40,المادة الوراثية,1,43,55,BIO26-M26,BIO26-S26-04,تنظيم الجينات والهندسة الوراثية والتقنيات الحيوية,Q43–Q55 → BIO26-S26-04
40,BIO26-L40,المادة الوراثية,2,56,73,BIO26-M26,BIO26-S26-01,تجارب اكتشاف المادة الوراثية وبنية DNA والكروموسوم,Q56–Q73 → BIO26-S26-01
40,BIO26-L40,المادة الوراثية,2,74,88,BIO26-M26,BIO26-S26-03,RNA والنسخ والترجمة والشفرة الوراثية وتصنيع البروتين,Q74–Q88 → BIO26-S26-03
40,BIO26-L40,المادة الوراثية,2,89,103,BIO26-M26,BIO26-S26-04,تنظيم الجينات والهندسة الوراثية والتقنيات الحيوية,Q89–Q103 → BIO26-S26-04
41,BIO26-L41,المخلوقات الحية وعلاقاتها المتبادلة,1,1,46,BIO26-M27,BIO26-S27-01,العوامل الحيوية واللاحيوية ومستويات التنظيم والعلاقات البيئية,Q1–Q46 → BIO26-S27-01
41,BIO26-L41,المخلوقات الحية وعلاقاتها المتبادلة,2,47,61,BIO26-M27,BIO26-S27-01,العوامل الحيوية واللاحيوية ومستويات التنظيم والعلاقات البيئية,Q47–Q61 → BIO26-S27-01
42,BIO26-L42,انتقال الطاقة في النظام البيئي,1,1,15,BIO26-M27,BIO26-S27-02,السلاسل والشبكات الغذائية والأدوار التغذوية,Q1–Q15 → BIO26-S27-02
42,BIO26-L42,انتقال الطاقة في النظام البيئي,1,16,48,BIO26-M27,BIO26-S27-03,انتقال الطاقة والأهرام البيئية والإنتاجية,Q16–Q48 → BIO26-S27-03
42,BIO26-L42,انتقال الطاقة في النظام البيئي,2,49,55,BIO26-M27,BIO26-S27-02,السلاسل والشبكات الغذائية والأدوار التغذوية,Q49–Q55 → BIO26-S27-02
42,BIO26-L42,انتقال الطاقة في النظام البيئي,2,56,62,BIO26-M27,BIO26-S27-03,انتقال الطاقة والأهرام البيئية والإنتاجية,Q56–Q62 → BIO26-S27-03
43,BIO26-L43,تدوير المواد,1,1,17,BIO26-M27,BIO26-S27-04,دورات الماء والكربون والأكسجين والنيتروجين والفوسفور,Q1–Q17 → BIO26-S27-04
43,BIO26-L43,تدوير المواد,2,18,29,BIO26-M27,BIO26-S27-04,دورات الماء والكربون والأكسجين والنيتروجين والفوسفور,Q18–Q29 → BIO26-S27-04
44,BIO26-L44,المجتمعات والمناطق الحيوية,1,1,26,BIO26-M28,BIO26-S28-01,التعاقب والعوامل المحددة والمناطق الحيوية والأنظمة المائية,Q1–Q26 → BIO26-S28-01
44,BIO26-L44,المجتمعات والمناطق الحيوية,2,27,42,BIO26-M28,BIO26-S28-01,التعاقب والعوامل المحددة والمناطق الحيوية والأنظمة المائية,Q27–Q42 → BIO26-S28-01
45,BIO26-L45,الأنظمة البيئية المائية,1,1,10,BIO26-M28,BIO26-S28-01,التعاقب والعوامل المحددة والمناطق الحيوية والأنظمة المائية,Q1–Q10 → BIO26-S28-01
45,BIO26-L45,الأنظمة البيئية المائية,2,11,20,BIO26-M28,BIO26-S28-01,التعاقب والعوامل المحددة والمناطق الحيوية والأنظمة المائية,Q11–Q20 → BIO26-S28-01
46,BIO26-L46,علم بيئة الجماعات الحيوية,1,1,32,BIO26-M28,BIO26-S28-02,كثافة وتوزيع ونمو الجماعات والقدرة الاستيعابية والديموغرافيا,Q1–Q32 → BIO26-S28-02
46,BIO26-L46,علم بيئة الجماعات الحيوية,2,33,53,BIO26-M28,BIO26-S28-02,كثافة وتوزيع ونمو الجماعات والقدرة الاستيعابية والديموغرافيا,Q33–Q53 → BIO26-S28-02
47,BIO26-L47,التنوع الحيوي والمحافظة عليه,1,1,49,BIO26-M28,BIO26-S28-03,التنوع الحيوي والتهديدات والمحافظة على الموارد واستعادة الأنظمة,Q1–Q49 → BIO26-S28-03
47,BIO26-L47,التنوع الحيوي والمحافظة عليه,2,50,78,BIO26-M28,BIO26-S28-03,التنوع الحيوي والتهديدات والمحافظة على الموارد واستعادة الأنظمة,Q50–Q78 → BIO26-S28-03
48,BIO26-L48,سلوك الحيوان,1,1,15,BIO26-M29,BIO26-S29-02,السلوك المتعلم: التعود والتكييف والمحاولة والخطأ والطبع,Q1–Q15 → BIO26-S29-02
48,BIO26-L48,سلوك الحيوان,1,16,23,BIO26-M29,BIO26-S29-03,السلوك الاجتماعي والتواصل والتزاوج والهجرة والإقليمية,Q16–Q23 → BIO26-S29-03
48,BIO26-L48,سلوك الحيوان,1,24,48,BIO26-M29,BIO26-S29-01,السلوك الفطري والمثيرات والإيقاعات الحيوية,Q24–Q48 → BIO26-S29-01
48,BIO26-L48,سلوك الحيوان,2,49,65,BIO26-M29,BIO26-S29-02,السلوك المتعلم: التعود والتكييف والمحاولة والخطأ والطبع,Q49–Q65 → BIO26-S29-02
48,BIO26-L48,سلوك الحيوان,2,66,71,BIO26-M29,BIO26-S29-03,السلوك الاجتماعي والتواصل والتزاوج والهجرة والإقليمية,Q66–Q71 → BIO26-S29-03
48,BIO26-L48,سلوك الحيوان,2,72,80,BIO26-M29,BIO26-S29-01,السلوك الفطري والمثيرات والإيقاعات الحيوية,Q72–Q80 → BIO26-S29-01
