concept	skillId	subSkillId	sectionId
األنماط	skill_tah_math_01	sub_tah_math_01_01	sec_tah_math_01
العبارات الشرطية والعبارات الشرطية المرتبطة	skill_tah_math_01	sub_tah_math_01_01	sec_tah_math_01
المضاد والعبارات المركبة	skill_tah_math_01	sub_tah_math_01_01	sec_tah_math_01
العبارات المتكافئة منطقيً ا وأشكال فن	skill_tah_math_01	sub_tah_math_01_02	sec_tah_math_01
العالقات بين القطع المستقيمة	skill_tah_math_02	sub_tah_math_02_01	sec_tah_math_02
خصائص األعداد الحقيقية	skill_tah_math_02	sub_tah_math_02_01	sec_tah_math_02
مات وتقاطع المستقيمات والمستويات	skill_tah_math_02	sub_tah_math_02_01	sec_tah_math_02
التوازي بحرف	skill_tah_math_02	sub_tah_math_02_02	sec_tah_math_02
التوازي والتخالف	skill_tah_math_02	sub_tah_math_02_02	sec_tah_math_02
العالقات بين الزوايا	skill_tah_math_02	sub_tah_math_02_02	sec_tah_math_02
المستقيمان والقاطع	skill_tah_math_02	sub_tah_math_02_02	sec_tah_math_02
البعد بين مستقيمين متوازيين	skill_tah_math_02	sub_tah_math_02_03	sec_tah_math_02
البعد بين نقطة ومستقيم	skill_tah_math_02	sub_tah_math_02_03	sec_tah_math_02
البعد بين نقطتين	skill_tah_math_02	sub_tah_math_02_03	sec_tah_math_02
المستقيم الرأسي واألفقي	skill_tah_math_02	sub_tah_math_02_03	sec_tah_math_02
المستقيم العمودي والموازي	skill_tah_math_02	sub_tah_math_02_03	sec_tah_math_02
معادلة المستقيم	skill_tah_math_02	sub_tah_math_02_03	sec_tah_math_02
ميل المستقيم	skill_tah_math_02	sub_tah_math_02_03	sec_tah_math_02
الزاوية الخارجية للمثلث	skill_tah_math_03	sub_tah_math_03_01	sec_tah_math_03
تصنيف المثلثات	skill_tah_math_03	sub_tah_math_03_01	sec_tah_math_03
خصائص المثلثات	skill_tah_math_03	sub_tah_math_03_01	sec_tah_math_03
تطابق المثلثات	skill_tah_math_03	sub_tah_math_03_02	sec_tah_math_03
المتباينات في المثلث	skill_tah_math_03	sub_tah_math_03_03	sec_tah_math_03
المنصفات	skill_tah_math_03	sub_tah_math_03_03	sec_tah_math_03
قطع مستقيمة خاصة في المثلث	skill_tah_math_03	sub_tah_math_03_03	sec_tah_math_03
قوانين مهمة في المثلث	skill_tah_math_03	sub_tah_math_03_03	sec_tah_math_03
مركز المثلث	skill_tah_math_03	sub_tah_math_03_03	sec_tah_math_03
المضلع المنتظم	skill_tah_math_04	sub_tah_math_04_01	sec_tah_math_04
قوانين المضلعات	skill_tah_math_04	sub_tah_math_04_01	sec_tah_math_04
البرهان اإلحداثي	skill_tah_math_04	sub_tah_math_04_02	sec_tah_math_04
المربع	skill_tah_math_04	sub_tah_math_04_02	sec_tah_math_04
المستطيل	skill_tah_math_04	sub_tah_math_04_02	sec_tah_math_04
المعين	skill_tah_math_04	sub_tah_math_04_02	sec_tah_math_04
شبه المنحرف	skill_tah_math_04	sub_tah_math_04_02	sec_tah_math_04
متوازي األضالع	skill_tah_math_04	sub_tah_math_04_02	sec_tah_math_04
مقارنة بين األشكال الرباعية	skill_tah_math_04	sub_tah_math_04_02	sec_tah_math_04
المضلعات المتشابهة	skill_tah_math_05	sub_tah_math_05_01	sec_tah_math_05
القطعة المنصفة في مثلث	skill_tah_math_05	sub_tah_math_05_02	sec_tah_math_05
المثلثات المتشابهة	skill_tah_math_05	sub_tah_math_05_02	sec_tah_math_05
نظرية التناسب في المثلث	skill_tah_math_05	sub_tah_math_05_02	sec_tah_math_05
نظرية منصف الزاوية في المثلث	skill_tah_math_05	sub_tah_math_05_02	sec_tah_math_05
اإلزاحة	skill_tah_math_06	sub_tah_math_06_01	sec_tah_math_06
االنعكاس	skill_tah_math_06	sub_tah_math_06_01	sec_tah_math_06
الدوران	skill_tah_math_06	sub_tah_math_06_01	sec_tah_math_06
التماثل	skill_tah_math_06	sub_tah_math_06_02	sec_tah_math_06
التمدد	skill_tah_math_06	sub_tah_math_06_02	sec_tah_math_06
تركيب التحويالت الهندسية	skill_tah_math_06	sub_tah_math_06_02	sec_tah_math_06
الدائرة	skill_tah_math_07	sub_tah_math_07_01	sec_tah_math_07
الزاوية المركزية وقياس القوس	skill_tah_math_07	sub_tah_math_07_01	sec_tah_math_07
الزوايا المحيطية ونظرياتها	skill_tah_math_07	sub_tah_math_07_01	sec_tah_math_07
طول القوس	skill_tah_math_07	sub_tah_math_07_01	sec_tah_math_07
نظريات في األوتار واألقواس	skill_tah_math_07	sub_tah_math_07_01	sec_tah_math_07
نظرية قطع الوتر ونظريات القاطع	skill_tah_math_07	sub_tah_math_07_02	sec_tah_math_07
معادلة الدائرة	skill_tah_math_07	sub_tah_math_07_03	sec_tah_math_07
األعداد الحقيقية	skill_tah_math_08	sub_tah_math_08_01	sec_tah_math_08
الدالة	skill_tah_math_08	sub_tah_math_08_01	sec_tah_math_08
العالقات والدوال	skill_tah_math_08	sub_tah_math_08_01	sec_tah_math_08
تصنيف ومجموعات األعداد الحقيقية	skill_tah_math_08	sub_tah_math_08_01	sec_tah_math_08
)دالة أكبر عدد صحيح(الدالة الدرجية	skill_tah_math_08	sub_tah_math_08_02	sec_tah_math_08
دالة القيمة المطلقة	skill_tah_math_08	sub_tah_math_08_02	sec_tah_math_08
قيمة الدالة متعددة التعريف عند نقطة	skill_tah_math_08	sub_tah_math_08_02	sec_tah_math_08
كتابة الدالة متعددة التعريف من خالل التمثيل البياني	skill_tah_math_08	sub_tah_math_08_02	sec_tah_math_08
مجال ومدى الدالة متعددة التعريف	skill_tah_math_08	sub_tah_math_08_02	sec_tah_math_08
المتباينات الخطية	skill_tah_math_08	sub_tah_math_08_03	sec_tah_math_08
تمثيل أنظمة المتباينات الخطية بيانيً ا	skill_tah_math_08	sub_tah_math_08_03	sec_tah_math_08
حل المتباينات الخطية وأنظمة المتباينات الخطية	skill_tah_math_08	sub_tah_math_08_03	sec_tah_math_08
رؤوس منطقة الحل	skill_tah_math_08	sub_tah_math_08_03	sec_tah_math_08
جمع وطرح المصفوفات، وضربها بعدد ثابت	skill_tah_math_09	sub_tah_math_09_01	sec_tah_math_09
رتبة المصفوفة وعناصرها	skill_tah_math_09	sub_tah_math_09_01	sec_tah_math_09
ضرب المصفوفات	skill_tah_math_09	sub_tah_math_09_01	sec_tah_math_09
المعادالت المصفوفية	skill_tah_math_09	sub_tah_math_09_02	sec_tah_math_09
النظير الضربي للمصفوفة	skill_tah_math_09	sub_tah_math_09_02	sec_tah_math_09
محددة الدرجة الثالثة	skill_tah_math_09	sub_tah_math_09_02	sec_tah_math_09
محددة الدرجة الثانية	skill_tah_math_09	sub_tah_math_09_02	sec_tah_math_09
مساحة المثلث	skill_tah_math_09	sub_tah_math_09_02	sec_tah_math_09
العمليات على األعداد المركبة	skill_tah_math_10	sub_tah_math_10_01	sec_tah_math_10
قوى العدد التخيلي	skill_tah_math_10	sub_tah_math_10_01	sec_tah_math_10
القانون العام والمميز	skill_tah_math_10	sub_tah_math_10_02	sec_tah_math_10
حل المعادالت التربيعية	skill_tah_math_10	sub_tah_math_10_02	sec_tah_math_10
العمليات على كثيرات الحدود	skill_tah_math_10	sub_tah_math_10_03	sec_tah_math_10
طرق تحليل كثيرات الحدود	skill_tah_math_10	sub_tah_math_10_03	sec_tah_math_10
قسمة التركيبية	skill_tah_math_10	sub_tah_math_10_03	sec_tah_math_10
أصفار دالة كثيرة الحدود بيانيً ا	skill_tah_math_10	sub_tah_math_10_04	sec_tah_math_10
النظرية األساسية في الجبر والجذور واألصفار	skill_tah_math_10	sub_tah_math_10_04	sec_tah_math_10
نظرية الباقي	skill_tah_math_10	sub_tah_math_10_04	sec_tah_math_10
نظرية العوامل	skill_tah_math_10	sub_tah_math_10_04	sec_tah_math_10
نظرية ديكارت لإلشارات	skill_tah_math_10	sub_tah_math_10_04	sec_tah_math_10
العمليات الحسابية	skill_tah_math_11	sub_tah_math_11_01	sec_tah_math_11
تركيب دالتين	skill_tah_math_11	sub_tah_math_11_02	sec_tah_math_11
الدالة الجذرية، مجالها ومداها	skill_tah_math_11	sub_tah_math_11_03	sec_tah_math_11
الدالة العكسية	skill_tah_math_11	sub_tah_math_11_03	sec_tah_math_11
تبسيط العبارات الجذرية	skill_tah_math_11	sub_tah_math_11_03	sec_tah_math_11
حل المعادالت والمتباينات الجذرية	skill_tah_math_11	sub_tah_math_11_03	sec_tah_math_11
العمليات على الدوال النسبية وتبسيط العبارات	skill_tah_math_12	sub_tah_math_12_01	sec_tah_math_12
المضاعف المشترك األصغر	skill_tah_math_12	sub_tah_math_12_01	sec_tah_math_12
(عدم االتصال)	skill_tah_math_12	sub_tah_math_12_02	sec_tah_math_12
التغير الطردي	skill_tah_math_12	sub_tah_math_12_02	sec_tah_math_12
التغير العكسي	skill_tah_math_12	sub_tah_math_12_02	sec_tah_math_12
التغير المركب	skill_tah_math_12	sub_tah_math_12_02	sec_tah_math_12
العبارة النسبية ونقاط عدم التعريف	skill_tah_math_12	sub_tah_math_12_02	sec_tah_math_12
حل المعادالت النسبية	skill_tah_math_12	sub_tah_math_12_02	sec_tah_math_12
خطوط التقارب	skill_tah_math_12	sub_tah_math_12_02	sec_tah_math_12
مجال ومدى الدالة النسبية ودالة المقلوب	skill_tah_math_12	sub_tah_math_12_02	sec_tah_math_12
الحد النوني واألوساط الحسابية للمتتابعات الحسابية	skill_tah_math_13	sub_tah_math_13_01	sec_tah_math_13
المتتابعة الحسابية وأساسها	skill_tah_math_13	sub_tah_math_13_01	sec_tah_math_13
المتسلسالت الحسابية	skill_tah_math_13	sub_tah_math_13_01	sec_tah_math_13
المتسلسالت بالرمز سيجما	skill_tah_math_13	sub_tah_math_13_02	sec_tah_math_13
الحد النوني واألوساط الهندسية للمتتابعات الهندسية	skill_tah_math_13	sub_tah_math_13_03	sec_tah_math_13
المتتابعات الهندسية وأساسها	skill_tah_math_13	sub_tah_math_13_03	sec_tah_math_13
المتسلسالت الهندسية	skill_tah_math_13	sub_tah_math_13_03	sec_tah_math_13
المتسلسالت الهندسية الالنهائية	skill_tah_math_13	sub_tah_math_13_03	sec_tah_math_13
االحتمال	skill_tah_math_14	sub_tah_math_14_01	sec_tah_math_14
ة	skill_tah_math_14	sub_tah_math_14_01	sec_tah_math_14
فضاء العينة ومبدأ العد األساسي	skill_tah_math_14	sub_tah_math_14_01	sec_tah_math_14
مفكوك ونظرية ذات الحدين	skill_tah_math_14	sub_tah_math_14_01	sec_tah_math_14
التباديل الدائرية	skill_tah_math_14	sub_tah_math_14_02	sec_tah_math_14
التوافيق	skill_tah_math_14	sub_tah_math_14_02	sec_tah_math_14
مضروب العدد والتباديل	skill_tah_math_14	sub_tah_math_14_02	sec_tah_math_14
االحتماالت الهندسية	skill_tah_math_14	sub_tah_math_14_03	sec_tah_math_14
األحداث المتنافية وغير المتنافية	skill_tah_math_14	sub_tah_math_14_04	sec_tah_math_14
االحتمال المشروط	skill_tah_math_14	sub_tah_math_14_04	sec_tah_math_14
الحوادث المستقلة	skill_tah_math_14	sub_tah_math_14_04	sec_tah_math_14
الحوادث غير المستقلة	skill_tah_math_14	sub_tah_math_14_04	sec_tah_math_14
االنخفاض واالرتفاع	skill_tah_math_15	sub_tah_math_15_01	sec_tah_math_15
تبسيط العبارات المثلثية	skill_tah_math_15	sub_tah_math_15_01	sec_tah_math_15
نون جيوب التمام	skill_tah_math_15	sub_tah_math_15_01	sec_tah_math_15
وحدات قياس الزاوية	skill_tah_math_15	sub_tah_math_15_01	sec_tah_math_15
إشارة الدوال المثلثية	skill_tah_math_15	sub_tah_math_15_02	sec_tah_math_15
الدوال المثلثية في المثلث قائم الزاوية	skill_tah_math_15	sub_tah_math_15_02	sec_tah_math_15
الدوال المثلثية للزوايا	skill_tah_math_15	sub_tah_math_15_02	sec_tah_math_15
تتمة الدوال المثلثية في المثلث قائم الزاوية	skill_tah_math_15	sub_tah_math_15_02	sec_tah_math_15
قيم الدوال المثلثية المعروفة	skill_tah_math_15	sub_tah_math_15_02	sec_tah_math_15
الدورة الكاملة	skill_tah_math_15	sub_tah_math_15_03	sec_tah_math_15
الزاوية المرجعية	skill_tah_math_15	sub_tah_math_15_03	sec_tah_math_15
تمثيل الدوال المثلثية	skill_tah_math_15	sub_tah_math_15_03	sec_tah_math_15
معكوس النسب المثلثية	skill_tah_math_15	sub_tah_math_15_03	sec_tah_math_15
قانون الجيوب	skill_tah_math_15	sub_tah_math_15_04	sec_tah_math_15
مساحة المثلث	skill_tah_math_15	sub_tah_math_15_04	sec_tah_math_15
الدوال الفردية والزوجية	skill_tah_math_16	sub_tah_math_16_01	sec_tah_math_16
الفترات	skill_tah_math_16	sub_tah_math_16_01	sec_tah_math_16
القيم العظمى والصغرى للدالة	skill_tah_math_16	sub_tah_math_16_01	sec_tah_math_16
تحليل التمثيل البياني للدوال	skill_tah_math_16	sub_tah_math_16_01	sec_tah_math_16
فترات التزايد والتناقص والثبوت	skill_tah_math_16	sub_tah_math_16_01	sec_tah_math_16
إزالة عدم االتصال	skill_tah_math_16	sub_tah_math_16_02	sec_tah_math_16
النهايات وعدم االتصال	skill_tah_math_16	sub_tah_math_16_02	sec_tah_math_16
متوسط معدل التغير	skill_tah_math_16	sub_tah_math_16_03	sec_tah_math_16
الدوال األم وتحويالت الدوال	skill_tah_math_16	sub_tah_math_16_04	sec_tah_math_16
إيجاد مجال ومدى الدوال جبريًا	skill_tah_math_16	sub_tah_math_16_05	sec_tah_math_16
تمثيل الدوال وإيجاد مجالها ومداها	skill_tah_math_16	sub_tah_math_16_05	sec_tah_math_16
مجال ومدى الدوال العكسية	skill_tah_math_16	sub_tah_math_16_05	sec_tah_math_16
التحويل بين الصورة اللوغاريتمية واألسية	skill_tah_math_17	sub_tah_math_17_01	sec_tah_math_17
الدالة األسية	skill_tah_math_17	sub_tah_math_17_01	sec_tah_math_17
الربح والربح المركب	skill_tah_math_17	sub_tah_math_17_01	sec_tah_math_17
حل المعادالت والمتباينات األسية	skill_tah_math_17	sub_tah_math_17_01	sec_tah_math_17
إيجاد قيم العبارات اللوغاريتمية	skill_tah_math_17	sub_tah_math_17_02	sec_tah_math_17
الدالة اللوغاريتمية	skill_tah_math_17	sub_tah_math_17_02	sec_tah_math_17
اللوغاريتم	skill_tah_math_17	sub_tah_math_17_02	sec_tah_math_17
حل المتباينات اللوغاريتمية	skill_tah_math_17	sub_tah_math_17_02	sec_tah_math_17
حل المعادالت اللوغاريتمية	skill_tah_math_17	sub_tah_math_17_02	sec_tah_math_17
اللوغاريتم العشري	skill_tah_math_17	sub_tah_math_17_03	sec_tah_math_17
المتطابقات النسبية ومتطابقات المقلوب	skill_tah_math_18	sub_tah_math_18_01	sec_tah_math_18
متطابقات الزاويتين المتممتين والدوال الفردية والزوجية	skill_tah_math_18	sub_tah_math_18_01	sec_tah_math_18
متطابقات فيثاغورس	skill_tah_math_18	sub_tah_math_18_01	sec_tah_math_18
متطابقات الضعف	skill_tah_math_18	sub_tah_math_18_02	sec_tah_math_18
متطابقات المجموع والفرق	skill_tah_math_18	sub_tah_math_18_02	sec_tah_math_18
حل المعادالت المثلثية	skill_tah_math_18	sub_tah_math_18_03	sec_tah_math_18
القطع المكافئ	skill_tah_math_19	sub_tah_math_19_01	sec_tah_math_19
القطع الناقص	skill_tah_math_19	sub_tah_math_19_02	sec_tah_math_19
القطع الزائد	skill_tah_math_19	sub_tah_math_19_03	sec_tah_math_19
تصنيف القطوع	skill_tah_math_19	sub_tah_math_19_04	sec_tah_math_19
معادلة الدائرة	skill_tah_math_19	sub_tah_math_19_04	sec_tah_math_19
أنواع الكميات الفيزيائية	skill_tah_math_20	sub_tah_math_20_01	sec_tah_math_20
أنواع المتجهات	skill_tah_math_20	sub_tah_math_20_01	sec_tah_math_20
التعبير عن االتجاهات	skill_tah_math_20	sub_tah_math_20_01	sec_tah_math_20
المتجهات في المستوى اإلحداثي	skill_tah_math_20	sub_tah_math_20_01	sec_tah_math_20
تحليل المتجه الى مركبتين متعامدتين	skill_tah_math_20	sub_tah_math_20_01	sec_tah_math_20
محصلة متجهين	skill_tah_math_20	sub_tah_math_20_01	sec_tah_math_20
الضرب االتجاهي في الفضاء ثالثي األبعاد	skill_tah_math_20	sub_tah_math_20_02	sec_tah_math_20
الضرب الداخلي في الفضاء ثالثي األبعاد	skill_tah_math_20	sub_tah_math_20_02	sec_tah_math_20
المتجهات في الفضاء ثالثي األبعاد	skill_tah_math_20	sub_tah_math_20_02	sec_tah_math_20
الجذور النونية	skill_tah_math_20	sub_tah_math_20_03	sec_tah_math_20
الصيغة القطبية للعدد المركب	skill_tah_math_20	sub_tah_math_20_03	sec_tah_math_20
ضرب وقسمة األعداد المركبة	skill_tah_math_20	sub_tah_math_20_03	sec_tah_math_20
نظرية ديموافر	skill_tah_math_20	sub_tah_math_20_03	sec_tah_math_20
التحويل بين اإلحداثيات	skill_tah_math_20	sub_tah_math_20_04	sec_tah_math_20
التحويل من المعادلة الديكارتية إلى القطبية	skill_tah_math_20	sub_tah_math_20_04	sec_tah_math_20
التحويل من المعادلة القطبية إلى الديكارتية	skill_tah_math_20	sub_tah_math_20_04	sec_tah_math_20
المسافة بين نقطتين قطبيتين	skill_tah_math_20	sub_tah_math_20_04	sec_tah_math_20
المستوى القطبي وتمثيل المعادالت القطبية	skill_tah_math_20	sub_tah_math_20_04	sec_tah_math_20
أنواع الدراسات والبيانات اإلحصائية	skill_tah_math_21	sub_tah_math_21_01	sec_tah_math_21
هامش الخطأ	skill_tah_math_21	sub_tah_math_21_01	sec_tah_math_21
مقاييس التشتت	skill_tah_math_21	sub_tah_math_21_02	sec_tah_math_21
مقاييس النزعة المركزية	skill_tah_math_21	sub_tah_math_21_02	sec_tah_math_21
احتمالية النجاح والفشل	skill_tah_math_21	sub_tah_math_21_03	sec_tah_math_21
التوزيع االحتمالي والقيمة المتوقعة	skill_tah_math_21	sub_tah_math_21_03	sec_tah_math_21
لجداول التوافقية	skill_tah_math_21	sub_tah_math_21_03	sec_tah_math_21
التوزيع الطبيعي والتوزيعات الملتوية	skill_tah_math_21	sub_tah_math_21_04	sec_tah_math_21
التوزيع ذو الحدين	skill_tah_math_21	sub_tah_math_21_04	sec_tah_math_21
تقدير النهايات بيانيً ا وأمثلة عدم االتصال	skill_tah_math_22	sub_tah_math_22_01	sec_tah_math_22
الصيغة غير المحددة	skill_tah_math_22	sub_tah_math_22_02	sec_tah_math_22
حساب النهايات جبريًا	skill_tah_math_22	sub_tah_math_22_02	sec_tah_math_22
نهايات الدوال عند الماالنهاية	skill_tah_math_22	sub_tah_math_22_02	sec_tah_math_22
مشتقة الدالة عند نقطة	skill_tah_math_22	sub_tah_math_22_03	sec_tah_math_22
مشتقة القسمة	skill_tah_math_22	sub_tah_math_22_03	sec_tah_math_22
مشتقة المجموع والفرق	skill_tah_math_22	sub_tah_math_22_03	sec_tah_math_22
ميل المماس واالشتقاق	skill_tah_math_22	sub_tah_math_22_03	sec_tah_math_22
تطبيقات االشتقاق	skill_tah_math_22	sub_tah_math_22_04	sec_tah_math_22
التكامل المحدد	skill_tah_math_22	sub_tah_math_22_05	sec_tah_math_22
الدوال األصلية والتكامل غير المحدد	skill_tah_math_22	sub_tah_math_22_05	sec_tah_math_22
المساحة تحت المنحنى بالتكامل	skill_tah_math_22	sub_tah_math_22_05	sec_tah_math_22
تطبيقات التكامل	skill_tah_math_22	sub_tah_math_22_05	sec_tah_math_22
