segment_index,section2_start_pdf_page,section2_end_pdf_page,paired_section1_start_pdf_page,next_section1_start_pdf_page,printed_question_first,printed_question_last,expected_questions_from_answer_key,answer_key_gaps,status
1,7,7,5,8,19,36,18,,SOURCE_RANGE_VERIFIED_TEXT_LAYER_PENDING_VISUAL_GATE
2,11,12,8,13,28,56,29,,SOURCE_RANGE_VERIFIED_TEXT_LAYER_PENDING_VISUAL_GATE
3,15,16,13,17,24,53,30,,SOURCE_RANGE_VERIFIED_TEXT_LAYER_PENDING_VISUAL_GATE
4,20,23,17,24,43,102,60,,SOURCE_RANGE_VERIFIED_TEXT_LAYER_PENDING_VISUAL_GATE
5,27,29,24,30,45,95,51,,SOURCE_RANGE_VERIFIED_TEXT_LAYER_PENDING_VISUAL_GATE
6,32,32,30,33,22,31,10,,SOURCE_RANGE_VERIFIED_TEXT_LAYER_PENDING_VISUAL_GATE
7,34,35,33,36,20,53,34,,SOURCE_RANGE_VERIFIED_TEXT_LAYER_PENDING_VISUAL_GATE
8,38,41,36,42,30,65,36,,SOURCE_RANGE_VERIFIED_TEXT_LAYER_PENDING_VISUAL_GATE
9,44,45,42,46,29,48,20,,SOURCE_RANGE_VERIFIED_TEXT_LAYER_PENDING_VISUAL_GATE
10,48,48,46,49,27,40,14,,SOURCE_RANGE_VERIFIED_TEXT_LAYER_PENDING_VISUAL_GATE
11,51,51,49,52,12,16,5,,SOURCE_RANGE_VERIFIED_TEXT_LAYER_PENDING_VISUAL_GATE
12,55,56,52,57,41,76,36,,SOURCE_RANGE_VERIFIED_TEXT_LAYER_PENDING_VISUAL_GATE
13,58,59,57,60,22,50,29,,SOURCE_RANGE_VERIFIED_TEXT_LAYER_PENDING_VISUAL_GATE
14,63,65,60,66,34,91,58,,SOURCE_RANGE_VERIFIED_TEXT_LAYER_PENDING_VISUAL_GATE
15,68,68,66,69,30,48,19,,SOURCE_RANGE_VERIFIED_TEXT_LAYER_PENDING_VISUAL_GATE
16,71,71,69,72,26,45,20,,SOURCE_RANGE_VERIFIED_TEXT_LAYER_PENDING_VISUAL_GATE
17,74,76,72,77,35,93,59,,SOURCE_RANGE_VERIFIED_TEXT_LAYER_PENDING_VISUAL_GATE
18,79,81,77,82,35,93,59,,SOURCE_RANGE_VERIFIED_TEXT_LAYER_PENDING_VISUAL_GATE
19,87,89,84,90,42,96,55,,SOURCE_RANGE_VERIFIED_TEXT_LAYER_PENDING_VISUAL_GATE
20,93,97,90,98,46,107,62,,SOURCE_RANGE_VERIFIED_TEXT_LAYER_PENDING_VISUAL_GATE
21,104,110,98,111,72,154,83,,SOURCE_RANGE_VERIFIED_TEXT_LAYER_PENDING_VISUAL_GATE
22,115,118,111,119,66,141,76,,SOURCE_RANGE_VERIFIED_TEXT_LAYER_PENDING_VISUAL_GATE
23,121,123,119,124,42,104,63,,SOURCE_RANGE_VERIFIED_TEXT_LAYER_PENDING_VISUAL_GATE
24,127,130,124,131,43,105,63,,SOURCE_RANGE_VERIFIED_TEXT_LAYER_PENDING_VISUAL_GATE
25,134,137,131,138,42,115,74,,SOURCE_RANGE_VERIFIED_TEXT_LAYER_PENDING_VISUAL_GATE
26,141,142,138,143,34,68,35,,SOURCE_RANGE_VERIFIED_TEXT_LAYER_PENDING_VISUAL_GATE
27,145,147,143,148,32,77,46,,SOURCE_RANGE_VERIFIED_TEXT_LAYER_PENDING_VISUAL_GATE
28,151,152,148,153,47,84,38,,SOURCE_RANGE_VERIFIED_TEXT_LAYER_PENDING_VISUAL_GATE
29,156,160,153,,47,119,73,,SOURCE_RANGE_VERIFIED_TEXT_LAYER_PENDING_VISUAL_GATE
